<?xml version="1.0" encoding="UTF-8"?><service xmlns="http://pisa.intecs.it/mass/toolbox/serviceDescriptor" queuing="false" serviceName="TS_15_01" sslCertificate="" suspendMode="soft" version="2.2" wssecurity="false"><interface mode="" name="" schemaValidation="true" type="Standard" version=""><rootSchemaFile>test.xsd</rootSchemaFile><schemaSetLocation>Schemas</schemaSetLocation><wsdlFile/><targetNameSpace>http://intecs/test</targetNameSpace><operations><operation SOAPAction="test" name="TestOperation" requestTimeout="1h" type="synchronous"><admittedHosts/><inputType namespace="http://intecs/test" type="testOperationInput"/><outputType namespace="http://intecs/test" type="testOperationOutput"/><scriptFile overrideByUser="false" path="Operations/TestOperation/script_1.tscript" type="FIRST_SCRIPT"/><scriptFile overrideByUser="false" path="Operations/TestOperation/globalError.tscript" type="GLOBAL_ERROR"/></operation></operations><variables/><admittedHosts/></interface></service>