<?xml version="1.0" encoding="UTF-8"?><service xmlns="http://pisa.intecs.it/mass/toolbox/serviceDescriptor" queuing="false" serviceName="TS_23_02" sslCertificate="" suspendMode="soft" version="2.2" wssecurity="false"><interface mode="" name="" schemaValidation="true" type="Standard" version=""><rootSchemaFile>hma_TestCompany_sugres.XSD</rootSchemaFile><schemaSetLocation>Schemas</schemaSetLocation><wsdlFile/><targetNameSpace>http://www.gim.com/ws/sugres</targetNameSpace><operations><operation SOAPAction="processRFQ" name="RFQ" requestTimeout="1h" type="synchronous"><admittedHosts/><inputType namespace="http://www.gim.com/ws/sugres" type="processRFQInputMsg"/><outputType namespace="http://www.gim.com/ws/sugres" type="processRFQOutputMsg"/><scriptFile overrideByUser="false" path="Operations/RFQ/script_1.tscript" type="FIRST_SCRIPT"/><scriptFile overrideByUser="false" path="Operations/RFQ/globalError.tscript" type="GLOBAL_ERROR"/></operation><operation SOAPAction="sendOrder" callbackSOAPAction="returnOrderResult" name="Order" pollingRate="10s" requestTimeout="4m" type="asynchronous"><admittedHosts/><inputType namespace="http://www.gim.com/ws/sugres" type="sendOrderInputMsg"/><outputType namespace="http://www.gim.com/ws/sugres" type="sendOrderOutputMsg"/><callbackInputType namespace="http://www.gim.com/ws/sugres" type="returnOrderResultInputMsg"/><callbackOutputType namespace="http://www.gim.com/ws/sugres" type="returnOrderResultOutputMsg"/><scriptFile overrideByUser="false" path="Operations/Order/script_1.tscript" type="FIRST_SCRIPT"/><scriptFile overrideByUser="false" path="Operations/Order/globalError.tscript" type="GLOBAL_ERROR"/><scriptFile overrideByUser="false" path="Operations/Order/response_builder.tscript" type="RESP_BUILDER"/><scriptFile overrideByUser="false" path="Operations/Order/response_builder_error.tscript" type="ERROR_ON_RESP_BUILDER"/><scriptFile overrideByUser="false" path="Operations/Order/script_2.tscript" type="SECOND_SCRIPT"/><scriptFile overrideByUser="false" path="Operations/Order/script_3.tscript" type="THIRD_SCRIPT"/></operation></operations><variables/><admittedHosts/></interface></service>