<?xml version="1.0" encoding="UTF-8"?><service xmlns="http://pisa.intecs.it/mass/toolbox/serviceDescriptor" queuing="false" serviceName="MUISTest" serviceSchema="mass.xsd" sslCertificate="" suspendMode="soft" version="2.1" wsdlTargetNS="http://esrin.esa.int/MUISTest"><interface name="" version=""><rootSchemaFile>mass.xsd</rootSchemaFile><schemaSetLocation>Schemas</schemaSetLocation><wsdlFile/><targetNameSpace>http://esrin.esa.int/MUISTest</targetNameSpace><operations><operation SOAPAction="processSearch" name="Search" requestTimeout="1h" type="synchronous"><admittedHosts/><inputType namespace="http://www.esa.int/mass" type="processSearchInputMsg"/><outputType namespace="http://www.esa.int/mass" type="processSearchOutputMsg"/><scriptFile path="Operations/Search/script_1.tscript" type="FIRST_SCRIPT"/><scriptFile path="Operations/Search/globalError.tscript" type="GLOBAL_ERROR"/></operation></operations></interface></service>