<?xml version="1.0" encoding="UTF-8"?><service xmlns="http://pisa.intecs.it/mass/toolbox/serviceDescriptor" queuing="false" serviceName="TS_25_11" serviceSchema="Order.xsd" sslCertificate="" suspendMode="soft" version="2.1" wsdlTargetNS="http://earth.esa.int/hma/ordering"><interface name="HMA_Ordering" version="1.0"><rootSchemaFile>Order.xsd</rootSchemaFile><schemaSetLocation>Schemas</schemaSetLocation><wsdlFile>wsdl/HMA_ORDER_10.wsdl</wsdlFile><targetNameSpace>http://earth.esa.int/hma/ordering</targetNameSpace><operations><operation SOAPAction="Submit" callbackSOAPAction="UpdateStatus" name="Submit" pollingRate="1m" requestTimeout="1d" type="asynchronous"><admittedHosts/><inputType namespace="http://earth.esa.int/hma/ordering" type="Submit"/><outputType namespace="http://earth.esa.int/hma/ordering" type="SubmitResponse"/><callbackInputType namespace="http://earth.esa.int/hma/ordering" type="UpdateStatus"/><callbackOutputType namespace="http://earth.esa.int/hma/ordering" type="UpdateStatus"/><scriptFile path="Operations/Submit/first_script.tscript" type="FIRST_SCRIPT"/><scriptFile path="Operations/Submit/.globalError.tscript" type="GLOBAL_ERROR"/><scriptFile path="Operations/Submit/.responseBuilderScript.tscript" type="RESP_BUILDER"/><scriptFile path="Operations/Submit/.responseBuilder_Error.tscript" type="ERROR_ON_RESP_BUILDER"/><scriptFile path="Operations/Submit/second_script.tscript" type="SECOND_SCRIPT"/><scriptFile path="Operations/Submit/third_script.tscript" type="THIRD_SCRIPT"/></operation></operations></interface></service>