<?xml version="1.0" encoding="UTF-8"?><ProcessDescription xmlns:wps="http://www.opengis.net/wps/1.0.0" statusSupported="false" storeSupported="true" wps:processVersion="0.1">
		<ows:Identifier xmlns:ows="http://www.opengis.net/ows/1.1">VectorReprojection</ows:Identifier>
		<ows:Title xmlns:ows="http://www.opengis.net/ows/1.1">Reprojects a vector</ows:Title>
		<ows:Abstract xmlns:ows="http://www.opengis.net/ows/1.1">Reprojects a vector and stores the resulting vector file.</ows:Abstract>
		<ows:Metadata xmlns:ows="http://www.opengis.net/ows/1.1" xmlns:xlink="http://www.w3.org/1999/xlink" xlink:title="vector"/>
		<ows:Metadata xmlns:ows="http://www.opengis.net/ows/1.1" xmlns:xlink="http://www.w3.org/1999/xlink" xlink:title="reprojection"/>
		<wps:Profile>OGC:WPS:VectorReprojection</wps:Profile>
		<DataInputs>
			<Input maxOccurs="1" minOccurs="1">
				<ows:Identifier xmlns:ows="http://www.opengis.net/ows/1.1">InputVector</ows:Identifier>
				<ows:Title xmlns:ows="http://www.opengis.net/ows/1.1">
					Input vector file
					The input vector file should be zipped!
				</ows:Title>
				<ows:Abstract xmlns:ows="http://www.opengis.net/ows/1.1">Input vector file</ows:Abstract>
				<ComplexData maximumMegabytes="50">
					<Default>
						<Format>
							<MimeType>application/x-esri-shapefile</MimeType>
						</Format>
					</Default>
					<Supported>
						<Format>
							<MimeType>application/x-esri-shapefile</MimeType>
						</Format>
						<Format>
							<MimeType>application/x-mapinfo-mif-mid</MimeType>
						</Format>
						<Format>
							<MimeType>image/vdn.dgn</MimeType>
						</Format>
						<Format>
							<MimeType>text/csv</MimeType>
						</Format>
						<Format>
							<MimeType>application/xml</MimeType>
						</Format>
						<Format>
							<MimeType>application/vnd.google-earth.kml+xml</MimeType>
						</Format>
					</Supported>
				</ComplexData>
			</Input>
			<Input maxOccurs="1" minOccurs="1">
				<ows:Identifier xmlns:ows="http://www.opengis.net/ows/1.1">TargetCRS</ows:Identifier>
				<ows:Title xmlns:ows="http://www.opengis.net/ows/1.1">The EPSG code of the CRS to reproject to</ows:Title>
				<ows:Abstract xmlns:ows="http://www.opengis.net/ows/1.1">The EPSG code of the CRS to reproject to</ows:Abstract>
				<LiteralData>
					<ows:DataType xmlns:ows="http://www.opengis.net/ows/1.1" ows:reference="http://www.w3.org/TR/xmlschema-2/#string">string</ows:DataType>
					<ows:AnyValue xmlns:ows="http://www.opengis.net/ows/1.1"/>
				</LiteralData>
			</Input>
		</DataInputs>
		<ProcessOutputs>
			<Output>
				<ows:Identifier xmlns:ows="http://www.opengis.net/ows/1.1">OutputVector</ows:Identifier>
				<ows:Title xmlns:ows="http://www.opengis.net/ows/1.1">Output vector file</ows:Title>
				<ows:Abstract xmlns:ows="http://www.opengis.net/ows/1.1">Output vector file</ows:Abstract>
				<ComplexOutput>
					<Default>
						<Format>
							<MimeType>application/x-esri-shapefile</MimeType>
						</Format>
					</Default>
					<Supported>
						<Format>
							<MimeType>application/x-esri-shapefile</MimeType>
						</Format>
						<Format>
							<MimeType>application/x-mapinfo-mif-mid</MimeType>
						</Format>
						<Format>
							<MimeType>text/csv</MimeType>
						</Format>						
						<Format>
							<MimeType>application/xml</MimeType>
						</Format>
						<Format>
							<MimeType>application/gpx+xml</MimeType>
						</Format>
						<Format>
							<MimeType>application/vnd.google-earth.kml+xml</MimeType>
						</Format>
					</Supported>
				</ComplexOutput>
			</Output>
		</ProcessOutputs>
	</ProcessDescription>