<?xml version="1.0" encoding="UTF-8"?><ProcessDescription xmlns:wps="http://www.opengis.net/wps/1.0.0" statusSupported="false" storeSupported="true" wps:processVersion="0.1">
		<ows:Identifier xmlns:ows="http://www.opengis.net/ows/1.1">RasterStatisticsPerBand</ows:Identifier>
		<ows:Title xmlns:ows="http://www.opengis.net/ows/1.1">Calculates the minimum, maximum or average of pixel values within (a) raster band(s)</ows:Title>
		<ows:Abstract xmlns:ows="http://www.opengis.net/ows/1.1">Calculates the minimum, maximum or average of pixel values within (a) raster band(s)</ows:Abstract>
		<ows:Metadata xmlns:ows="http://www.opengis.net/ows/1.1" xmlns:xlink="http://www.w3.org/1999/xlink" xlink:title="raster"/>
		<ows:Metadata xmlns:ows="http://www.opengis.net/ows/1.1" xmlns:xlink="http://www.w3.org/1999/xlink" xlink:title="statistics"/>
		<ows:Metadata xmlns:ows="http://www.opengis.net/ows/1.1" xmlns:xlink="http://www.w3.org/1999/xlink" xlink:title="band"/>
		<ows:Metadata xmlns:ows="http://www.opengis.net/ows/1.1" xmlns:xlink="http://www.w3.org/1999/xlink" xlink:title="pixel"/>
		<ows:Metadata xmlns:ows="http://www.opengis.net/ows/1.1" xmlns:xlink="http://www.w3.org/1999/xlink" xlink:title="pixels"/>
		<wps:Profile>OGC:WPS:RasterStatisticsPerBand</wps:Profile>
		<DataInputs>
			<Input maxOccurs="1" minOccurs="1">
				<ows:Identifier xmlns:ows="http://www.opengis.net/ows/1.1">InputRaster</ows:Identifier>
				<ows:Title xmlns:ows="http://www.opengis.net/ows/1.1">Input raster file</ows:Title>
				<ows:Abstract xmlns:ows="http://www.opengis.net/ows/1.1">Input raster file</ows:Abstract>
				<ComplexData maximumMegabytes="50">
					<Default>
						<Format>
							<MimeType>image/tiff</MimeType>
						</Format>
					</Default>
					<Supported>
						<Format>
							<MimeType>image/tiff</MimeType>
						</Format>
						<Format>
							<MimeType>application/x-netcdf3</MimeType>
						</Format>
						<Format>
							<MimeType>application/x-netcdf4</MimeType>
						</Format>						
						<Format>
							<MimeType>application/x-hdf</MimeType>
						</Format>
					</Supported>
				</ComplexData>
			</Input>
			<Input maxOccurs="100" minOccurs="1">
				<ows:Identifier xmlns:ows="http://www.opengis.net/ows/1.1">Band</ows:Identifier>
				<ows:Title xmlns:ows="http://www.opengis.net/ows/1.1">The band to be selected in the input raster file</ows:Title>
				<ows:Abstract xmlns:ows="http://www.opengis.net/ows/1.1">
					The band to be selected in the input raster file.
					These band will be used to calculate the minimum, maximum or average (depending on the selected method).
				</ows:Abstract>
				<LiteralData>
					<ows:DataType xmlns:ows="http://www.opengis.net/ows/1.1" ows:reference="http://www.w3.org/TR/xmlschema-2/#positiveInteger">positiveInteger</ows:DataType>
					<ows:AnyValue xmlns:ows="http://www.opengis.net/ows/1.1"/>
				</LiteralData>
			</Input>
			<Input maxOccurs="14" minOccurs="1">
				<ows:Identifier xmlns:ows="http://www.opengis.net/ows/1.1">Method</ows:Identifier>
				<ows:Title xmlns:ows="http://www.opengis.net/ows/1.1">The statistical method to perform</ows:Title>
				<ows:Abstract xmlns:ows="http://www.opengis.net/ows/1.1">
					The operation to perform on the selected bands of the input raster.
					Unknown methods will be ignored.
				</ows:Abstract>
				<LiteralData>
					<ows:AllowedValues xmlns:ows="http://www.opengis.net/ows/1.1">
						<ows:Value>numberOfCells</ows:Value>
						<ows:Value>numberOfNullCells</ows:Value>
						<ows:Value>minimum</ows:Value>
						<ows:Value>maximum</ows:Value>
						<ows:Value>range</ows:Value>
						<ows:Value>arithmeticMean</ows:Value>
						<ows:Value>meanOfAbsoluteValues</ows:Value>
						<ows:Value>standardDeviation</ows:Value>
						<ows:Value>populationVariance</ows:Value>
						<ows:Value>coefficientOfVariation</ows:Value>
						<ows:Value>sum</ows:Value>
						<ows:Value>firstQuartile</ows:Value>
						<ows:Value>median</ows:Value>
						<ows:Value>thirdQuartile</ows:Value>
					</ows:AllowedValues>
				</LiteralData>
			</Input>
			<Input maxOccurs="1" minOccurs="0">
				<ows:Identifier xmlns:ows="http://www.opengis.net/ows/1.1">Parameter</ows:Identifier>
				<ows:Title xmlns:ows="http://www.opengis.net/ows/1.1">The parameter (dataset) to extract</ows:Title>
				<ows:Abstract xmlns:ows="http://www.opengis.net/ows/1.1">The parameter (dataset) to extract from a netCDF file containing muliple datasets</ows:Abstract>
				<LiteralData>
					<ows:DataType xmlns:ows="http://www.opengis.net/ows/1.1" ows:reference="http://www.w3.org/TR/xmlschema-2/#string">string</ows:DataType>
					<ows:AnyValue xmlns:ows="http://www.opengis.net/ows/1.1"/>
				</LiteralData>
			</Input>
			<Input maxOccurs="1" minOccurs="0">
				<ows:Identifier xmlns:ows="http://www.opengis.net/ows/1.1">LongitudeDataset</ows:Identifier>
				<ows:Title xmlns:ows="http://www.opengis.net/ows/1.1">NetCDF dataset containing longitude</ows:Title>
				<ows:Abstract xmlns:ows="http://www.opengis.net/ows/1.1">
					The name of the NetCDF dataset containing the longitude.
					If you provide the LongitudeDataset, you should also provide the LatitudeDataset.
				</ows:Abstract>
				<LiteralData>
					<ows:DataType xmlns:ows="http://www.opengis.net/ows/1.1" ows:reference="http://www.w3.org/TR/xmlschema-2/#string">string</ows:DataType>
					<ows:AnyValue xmlns:ows="http://www.opengis.net/ows/1.1"/>
				</LiteralData>
			</Input>
			<Input maxOccurs="1" minOccurs="0">
				<ows:Identifier xmlns:ows="http://www.opengis.net/ows/1.1">LatitudeDataset</ows:Identifier>
				<ows:Title xmlns:ows="http://www.opengis.net/ows/1.1">NetCDF dataset containing latitude</ows:Title>
				<ows:Abstract xmlns:ows="http://www.opengis.net/ows/1.1">
					The name of the NetCDF dataset containing the latitude.
					If you provide the LatitudeDataset, you should also provide the LongitudeDataset.
				</ows:Abstract>
				<LiteralData>
					<ows:DataType xmlns:ows="http://www.opengis.net/ows/1.1" ows:reference="http://www.w3.org/TR/xmlschema-2/#string">string</ows:DataType>
					<ows:AnyValue xmlns:ows="http://www.opengis.net/ows/1.1"/>
				</LiteralData>
			</Input>
		</DataInputs>
		<ProcessOutputs>
			<Output>
				<ows:Identifier xmlns:ows="http://www.opengis.net/ows/1.1">Output</ows:Identifier>
				<ows:Title xmlns:ows="http://www.opengis.net/ows/1.1">Results per band in GML 3.1.1 format</ows:Title>
				<ows:Abstract xmlns:ows="http://www.opengis.net/ows/1.1">Results per band in GML 3.1.1 format</ows:Abstract>
				<ComplexOutput>
					<Default>
						<Format>
							<MimeType>text/xml</MimeType>
						</Format>
					</Default>
					<Supported>
						<Format>
							<MimeType>text/xml</MimeType>
						</Format>
					</Supported>
				</ComplexOutput>
			</Output>
		</ProcessOutputs>
	</ProcessDescription>