<?xml version="1.0" encoding="UTF-8"?><service xmlns="http://pisa.intecs.it/mass/toolbox/serviceDescriptor" queuing="false" serviceName="TS_07_01" sslCertificate="" suspendMode="soft" version="2.2" wssecurity="false"><interface mode="" name="" schemaValidation="true" type="Standard" version=""><rootSchemaFile>VITO_S10.xsd</rootSchemaFile><schemaSetLocation>Schemas</schemaSetLocation><wsdlFile/><targetNameSpace>http://www.esa.int/mass</targetNameSpace><operations><operation SOAPAction="processRFQ" name="RFQ" requestTimeout="1h" type="synchronous"><admittedHosts/><inputType namespace="http://www.esa.int/mass" type="processRFQInputMsg"/><outputType namespace="http://www.esa.int/mass" type="processRFQOutputMsg"/><scriptFile overrideByUser="false" path="Operations/RFQ/script_1.tscript" type="FIRST_SCRIPT"/></operation></operations><variables/><admittedHosts/></interface></service>