<?xml version="1.0" encoding="UTF-8"?><service xmlns="http://pisa.intecs.it/mass/toolbox/serviceDescriptor" queuing="false" serviceName="VectorClipPolygon" serviceSchema="WPSSoapAll.xsd" sslCertificate="" suspendMode="soft" version="2.1" wsdlTargetNS="http://toolbox.pisa.intecs.it/soap/WPS/WPSsoap">
	<interface name="" schemaValidation="true" version="">
		<rootSchemaFile>WPSSoapAll.xsd</rootSchemaFile>
		<schemaSetLocation>Schemas</schemaSetLocation>
		<wsdlFile/>
		<targetNameSpace>http://toolbox.pisa.intecs.it/soap/WPS/WPSsoap</targetNameSpace>
		<operations>
			<operation SOAPAction="GetCapabilities" name="GetCapabilities" requestTimeout="1h" type="synchronous">
				<admittedHosts/>
				<inputType namespace="http://www.opengis.net/wps/1.0.0" type="GetCapabilities"/>
				<outputType namespace="http://www.opengis.net/wps/1.0.0" type="Capabilities"/>
				<scriptFile path="Operations/GetCapabilities/script.tscript" type="FIRST_SCRIPT"/>
				<scriptFile path="Operations/GetCapabilities/globalError.tscript" type="GLOBAL_ERROR"/>
			</operation>
			<operation SOAPAction="DescribeProcess" name="DescribeProcess" requestTimeout="1h" type="synchronous">
				<admittedHosts/>
				<inputType namespace="http://www.opengis.net/wps/1.0.0" type="DescribeProcess"/>
				<outputType namespace="http://www.opengis.net/wps/1.0.0" type="ProcessDescriptions"/>
				<scriptFile path="Operations/DescribeProcess/script.tscript" type="FIRST_SCRIPT"/>
				<scriptFile path="Operations/DescribeProcess/globalError.tscript" type="GLOBAL_ERROR"/>
			</operation>
		<operation SOAPAction="ExecuteProcess_VectorClipPolygon" name="ExecuteProcess_VectorClipPolygon" requestTimeout="1h" type="synchronous"><inputType namespace="http://toolbox.pisa.intecs.it/soap/WPS/WPSsoap" type="ExecuteProcess_VectorClipPolygon"/><outputType namespace="http://www.opengis.net/wps/1.0.0" type="ExecuteResponse"/><admittedHosts/><scriptFile path="Operations/ExecuteProcess_VectorClipPolygon/firstScript.tscript" type="FIRST_SCRIPT"/><scriptFile path="Operations/ExecuteProcess_VectorClipPolygon/globalError.tscript" type="GLOBAL_ERROR"/></operation><operation SOAPAction="ExecuteProcess_VectorClipPolygon_ASYNC" callbackSOAPAction="ExecuteProcess_VectorClipPolygon_ASYNC_statusUpdate" name="ExecuteProcess_VectorClipPolygon_ASYNC" pollingRate="15s" requestTimeout="1d" type="asynchronous"><inputType namespace="http://toolbox.pisa.intecs.it/soap/WPS/WPSsoap" type="ExecuteProcess_VectorClipPolygon"/><outputType namespace="http://www.opengis.net/wps/1.0.0" type="ExecuteResponse"/><callbackInputType namespace="http://www.opengis.net/wps/1.0.0" type="ExecuteResponse"/><callbackOutputType namespace="http://www.opengis.net/wps/1.0.0" type="ExecuteResponse"/><admittedHosts/><scriptFile path="Operations/ExecuteProcess_VectorClipPolygon_ASYNC/firstScript.tscript" type="FIRST_SCRIPT"/><scriptFile path="Operations/ExecuteProcess_VectorClipPolygon_ASYNC/secondScript.tscript" type="SECOND_SCRIPT"/><scriptFile path="Operations/ExecuteProcess_VectorClipPolygon_ASYNC/thirdScript.tscript" type="THIRD_SCRIPT"/><scriptFile path="Operations/ExecuteProcess_VectorClipPolygon_ASYNC/respBuilder.tscript" type="RESP_BUILDER"/><scriptFile path="Operations/ExecuteProcess_VectorClipPolygon_ASYNC/errorOnRespBuilder.tscript" type="ERROR_ON_RESP_BUILDER"/><scriptFile path="Operations/ExecuteProcess_VectorClipPolygon_ASYNC/globalError.tscript" type="GLOBAL_ERROR"/></operation></operations>
	</interface>
</service>