<?xml version="1.0" encoding="UTF-8"?><ProcessDescription xmlns:wps="http://www.opengis.net/wps/1.0.0" statusSupported="false" storeSupported="true" wps:processVersion="0.1">
		<ows:Identifier xmlns:ows="http://www.opengis.net/ows/1.1">Raster2VectorPolylinesIntersection</ows:Identifier>
		<ows:Title xmlns:ows="http://www.opengis.net/ows/1.1">Creates a vector map based on the intersection of a raster with a given set of polylines</ows:Title>
		<ows:Abstract xmlns:ows="http://www.opengis.net/ows/1.1">Creates a vector map based on the intersection of a raster with a given set of polylines</ows:Abstract>
		<ows:Metadata xmlns:ows="http://www.opengis.net/ows/1.1" xmlns:xlink="http://www.w3.org/1999/xlink" xlink:title="raster"/>
		<ows:Metadata xmlns:ows="http://www.opengis.net/ows/1.1" xmlns:xlink="http://www.w3.org/1999/xlink" xlink:title="vector"/>
		<ows:Metadata xmlns:ows="http://www.opengis.net/ows/1.1" xmlns:xlink="http://www.w3.org/1999/xlink" xlink:title="intersection"/>
		<ows:Metadata xmlns:ows="http://www.opengis.net/ows/1.1" xmlns:xlink="http://www.w3.org/1999/xlink" xlink:title="polyline"/>
		<ows:Metadata xmlns:ows="http://www.opengis.net/ows/1.1" xmlns:xlink="http://www.w3.org/1999/xlink" xlink:title="polylines"/>
		<wps:Profile>OGC:WPS:Raster2VectorPolylinesIntersection</wps:Profile>
		<DataInputs>
			<Input maxOccurs="1" minOccurs="1">
				<ows:Identifier xmlns:ows="http://www.opengis.net/ows/1.1">InputRaster</ows:Identifier>
				<ows:Title xmlns:ows="http://www.opengis.net/ows/1.1">Input raster file</ows:Title>
				<ows:Abstract xmlns:ows="http://www.opengis.net/ows/1.1">Input raster file</ows:Abstract>
				<ComplexData maximumMegabytes="50">
					<Default>
						<Format>
							<MimeType>image/tiff</MimeType>
						</Format>
					</Default>
					<Supported>
						<Format>
							<MimeType>image/tiff</MimeType>
						</Format>
						<Format>
							<MimeType>application/x-netcdf3</MimeType>
						</Format>
						<Format>
							<MimeType>application/x-netcdf4</MimeType>
						</Format>
						<Format>
							<MimeType>application/x-hdf</MimeType>
						</Format>
					</Supported>
				</ComplexData>
			</Input>
			<Input maxOccurs="1" minOccurs="1">
				<ows:Identifier xmlns:ows="http://www.opengis.net/ows/1.1">Band</ows:Identifier>
				<ows:Title xmlns:ows="http://www.opengis.net/ows/1.1">The number of the band to be selected in the input raster file</ows:Title>
				<ows:Abstract xmlns:ows="http://www.opengis.net/ows/1.1">
					The number of the band to be selected in the input raster file.
					This band will be used to calculate the minimum, maximum, average, median, mode, standard deviation or sum (depending on the selected method).
				</ows:Abstract>
				<LiteralData>
					<ows:DataType xmlns:ows="http://www.opengis.net/ows/1.1" ows:reference="http://www.w3.org/TR/xmlschema-2/#positiveInteger">positiveInteger</ows:DataType>
					<ows:AnyValue xmlns:ows="http://www.opengis.net/ows/1.1"/>
				</LiteralData>
			</Input>
			<Input maxOccurs="1" minOccurs="1">
				<ows:Identifier xmlns:ows="http://www.opengis.net/ows/1.1">InputPolylines</ows:Identifier>
				<ows:Title xmlns:ows="http://www.opengis.net/ows/1.1">Input polylines</ows:Title>
				<ows:Abstract xmlns:ows="http://www.opengis.net/ows/1.1">Input polylines</ows:Abstract>
				<ComplexData maximumMegabytes="50">
					<Default>
						<Format>
							<MimeType>application/xml</MimeType>
						</Format>
					</Default>
					<Supported>
						<Format>
							<MimeType>application/xml</MimeType>
						</Format>
					</Supported>
				</ComplexData>
			</Input>
			<Input maxOccurs="1" minOccurs="1">
				<ows:Identifier xmlns:ows="http://www.opengis.net/ows/1.1">Method</ows:Identifier>
				<ows:Title xmlns:ows="http://www.opengis.net/ows/1.1">The operation to perform</ows:Title>
				<ows:Abstract xmlns:ows="http://www.opengis.net/ows/1.1">The operation to perform on the selected band of the input raster</ows:Abstract>
				<LiteralData>
					<ows:AllowedValues xmlns:ows="http://www.opengis.net/ows/1.1">
						<ows:Value>minimum</ows:Value>
						<ows:Value>maximum</ows:Value>
						<ows:Value>average</ows:Value>
						<ows:Value>median</ows:Value>
						<ows:Value>mode</ows:Value>
						<ows:Value>stddev</ows:Value>
						<ows:Value>sum</ows:Value>
					</ows:AllowedValues>
				</LiteralData>
			</Input>
			<Input maxOccurs="1" minOccurs="0">
				<ows:Identifier xmlns:ows="http://www.opengis.net/ows/1.1">OrderId</ows:Identifier>
				<ows:Title xmlns:ows="http://www.opengis.net/ows/1.1">OrderId</ows:Title>
				<ows:Abstract xmlns:ows="http://www.opengis.net/ows/1.1">OrderId (mandatory if Output = WMC)</ows:Abstract>
				<LiteralData>
					<ows:DataType xmlns:ows="http://www.opengis.net/ows/1.1" ows:reference="http://www.w3.org/TR/xmlschema-2/#string">string</ows:DataType>
					<ows:AnyValue xmlns:ows="http://www.opengis.net/ows/1.1"/>
				</LiteralData>
			</Input>
			<Input maxOccurs="2" minOccurs="1">
				<ows:Identifier xmlns:ows="http://www.opengis.net/ows/1.1">Output</ows:Identifier>
				<ows:Title xmlns:ows="http://www.opengis.net/ows/1.1">The output of the process</ows:Title>
				<ows:Abstract xmlns:ows="http://www.opengis.net/ows/1.1">The output of the process</ows:Abstract>
				<LiteralData>
					<ows:DataType xmlns:ows="http://www.opengis.net/ows/1.1" ows:reference="http://www.w3.org/TR/xmlschema-2/#string">string</ows:DataType>
					<ows:AllowedValues xmlns:ows="http://www.opengis.net/ows/1.1">
						<ows:Value>file</ows:Value>
						<ows:Value>WMC</ows:Value>
					</ows:AllowedValues>
				</LiteralData>
			</Input>
		</DataInputs>
		<ProcessOutputs>
			<Output>
				<ows:Identifier xmlns:ows="http://www.opengis.net/ows/1.1">OutputVector</ows:Identifier>
				<ows:Title xmlns:ows="http://www.opengis.net/ows/1.1">Output vector file</ows:Title>
				<ows:Abstract xmlns:ows="http://www.opengis.net/ows/1.1">Output vector file</ows:Abstract>
				<ComplexOutput>
					<Default>
						<Format>
							<MimeType>application/x-esri-shapefile</MimeType>
						</Format>
					</Default>
					<Supported>
						<Format>
							<MimeType>application/x-esri-shapefile</MimeType>
						</Format>
						<Format>
							<MimeType>application/x-mapinfo-mif-mid</MimeType>
						</Format>
						<Format>
							<MimeType>text/csv</MimeType>
						</Format>
						<Format>
							<MimeType>application/xml</MimeType>
						</Format>
						<Format>
							<MimeType>application/gpx+xml</MimeType>
						</Format>
						<Format>
							<MimeType>application/vnd.google-earth.kml+xml</MimeType>
						</Format>
					</Supported>
				</ComplexOutput>
			</Output>
			<Output>
				<ows:Identifier xmlns:ows="http://www.opengis.net/ows/1.1">OutputWMC</ows:Identifier>
				<ows:Title xmlns:ows="http://www.opengis.net/ows/1.1">WebMapContext file</ows:Title>
				<ows:Abstract xmlns:ows="http://www.opengis.net/ows/1.1">WebMapContext file</ows:Abstract>
				<ComplexOutput>
					<Default>
						<Format>
							<MimeType>text/xml</MimeType>
						</Format>
					</Default>
					<Supported>
						<Format>
							<MimeType>text/xml</MimeType>
						</Format>
					</Supported>
				</ComplexOutput>
			</Output>
		</ProcessOutputs>
	</ProcessDescription>