<?xml version="1.0" encoding="ISO-8859-1"?>
<wfs:FeatureCollection xmlns:ms="http://mapserver.gis.umn.edu/mapserver" xmlns:wfs="http://www.opengis.net/wfs" xmlns:gml="http://www.opengis.net/gml" xmlns:ogc="http://www.opengis.net/ogc" xmlns:xsi="http://www.w3.org/2001/XMLSchema-instance" xsi:schemaLocation="http://www.opengis.net/wfs http://schemas.opengis.net/wfs/1.0.0/WFS-basic.xsd                         http://mapserver.gis.umn.edu/mapserver http://aneto.oco/cgi-bin/worldwfs?SERVICE=WFS&amp;VERSION=1.0.0&amp;REQUEST=DescribeFeatureType&amp;TYPENAME=multipolygon&amp;OUTPUTFORMAT=XMLSCHEMA">
  <gml:featureMember xmlns:eoli="http://earth.esa.int/XML/eoli" xmlns:fn="http://www.w3.org/2005/xpath-functions" xmlns:fo="http://www.w3.org/1999/XSL/Format" xmlns:gml="http://www.opengis.net/gml" xmlns:xs="http://www.w3.org/2001/XMLSchema">
    <gml:MultiPolygon srsName="EPSG:4326">
      <gml:polygonMember>
        <gml:Polygon>
          <gml:LinearRing>
            <gml:coordinates>47.9602,12.8826 47.7991,12.8824 47.7960,13.1132 47.9568,13.1155</gml:coordinates>
          </gml:LinearRing>
        </gml:Polygon>
      </gml:polygonMember>
      <gml:polygonMember>
        <gml:Polygon>
          <gml:LinearRing>
            <gml:coordinates>47.8210,12.8822 47.6622,12.8812 47.6569,13.1129 47.8174,13.1140</gml:coordinates>
          </gml:LinearRing>
        </gml:Polygon>
      </gml:polygonMember>
      <gml:polygonMember>
        <gml:Polygon>
          <gml:LinearRing>
            <gml:coordinates>47.6838,12.8812 47.5250,12.8804 47.5212,13.1096 47.6783,13.1135</gml:coordinates>
          </gml:LinearRing>
        </gml:Polygon>
      </gml:polygonMember>
      <gml:polygonMember>
        <gml:Polygon>
          <gml:LinearRing>
            <gml:coordinates>47.5459,12.8810 47.3873,12.8806 47.3831,13.1104 47.5424,13.1105</gml:coordinates>
          </gml:LinearRing>
        </gml:Polygon>
      </gml:polygonMember>
      <gml:polygonMember>
        <gml:Polygon>
          <gml:LinearRing>
            <gml:coordinates>47.4082,12.8814 47.3105,12.8802 47.3059,13.1106 47.4051,13.1099</gml:coordinates>
          </gml:LinearRing>
        </gml:Polygon>
      </gml:polygonMember>
      <gml:polygonMember>
        <gml:Polygon>
          <gml:LinearRing>
            <gml:coordinates>35.5336,34.1144 35.5289,33.9059 35.3602,33.9277 35.3577,34.1382</gml:coordinates>
          </gml:LinearRing>
        </gml:Polygon>
      </gml:polygonMember>
      <gml:polygonMember>
        <gml:Polygon>
          <gml:LinearRing>
            <gml:coordinates>53.2485,15.8032 53.0756,15.8013 53.0653,16.0729 53.2373,16.0760</gml:coordinates>
          </gml:LinearRing>
        </gml:Polygon>
      </gml:polygonMember>
      <gml:polygonMember>
        <gml:Polygon>
          <gml:LinearRing>
            <gml:coordinates>45.4348,10.6827 45.2625,10.6816 45.2604,10.9010 45.4329,10.9020</gml:coordinates>
          </gml:LinearRing>
        </gml:Polygon>
      </gml:polygonMember>
      <gml:polygonMember>
        <gml:Polygon>
          <gml:LinearRing>
            <gml:coordinates>52.9907,0.7217 52.8348,0.7189 52.8334,0.9769 52.9884,0.9796</gml:coordinates>
          </gml:LinearRing>
        </gml:Polygon>
      </gml:polygonMember>
      <gml:polygonMember>
        <gml:Polygon>
          <gml:LinearRing>
            <gml:coordinates>52.8561,0.7192 52.6999,0.7166 52.6992,0.9752 52.8545,0.9772</gml:coordinates>
          </gml:LinearRing>
        </gml:Polygon>
      </gml:polygonMember>
    </gml:MultiPolygon>
  </gml:featureMember>
</wfs:FeatureCollection>
