<?xml version="1.0" encoding="UTF-8"?><ProcessDescription xmlns:wps="http://www.opengis.net/wps/1.0.0" statusSupported="false" storeSupported="true" wps:processVersion="0.1">
		<ows:Identifier xmlns:ows="http://www.opengis.net/ows/1.1">RasterCalculation</ows:Identifier>
		<ows:Title xmlns:ows="http://www.opengis.net/ows/1.1">Creates a new raster by adding, subtracting, multiplying and dividing (bands of) multiple raster images</ows:Title>
		<ows:Abstract xmlns:ows="http://www.opengis.net/ows/1.1">Creates a new raster by adding, subtracting, multiplying and dividing (bands of) multiple raster images provided that they have the same grid</ows:Abstract>
		<ows:Metadata xmlns:ows="http://www.opengis.net/ows/1.1" xmlns:xlink="http://www.w3.org/1999/xlink" xlink:title="raster"/>
		<ows:Metadata xmlns:ows="http://www.opengis.net/ows/1.1" xmlns:xlink="http://www.w3.org/1999/xlink" xlink:title="calculation"/>
		<wps:Profile>urn:ogc:wps:1.0.0:genesis:GeoInformationProcessing:Raster:Calculation</wps:Profile>
		<DataInputs>
			<Input maxOccurs="100" minOccurs="1">
				<ows:Identifier xmlns:ows="http://www.opengis.net/ows/1.1">InputRaster</ows:Identifier>
				<ows:Title xmlns:ows="http://www.opengis.net/ows/1.1">Input raster file</ows:Title>
				<ows:Abstract xmlns:ows="http://www.opengis.net/ows/1.1">Input raster file</ows:Abstract>
				<ComplexData maximumMegabytes="50">
					<Default>
						<Format>
							<MimeType>image/tiff</MimeType>
						</Format>
					</Default>
					<Supported>
						<Format>
							<MimeType>image/tiff</MimeType>
						</Format>
						<Format>
							<MimeType>application/x-netcdf3</MimeType>
						</Format>
						<Format>
							<MimeType>application/x-netcdf4</MimeType>
						</Format>
						<Format>
							<MimeType>application/x-hdf</MimeType>
						</Format>
					</Supported>
				</ComplexData>
			</Input>
			<Input maxOccurs="1" minOccurs="1">
				<ows:Identifier xmlns:ows="http://www.opengis.net/ows/1.1">Calculation</ows:Identifier>
				<ows:Title xmlns:ows="http://www.opengis.net/ows/1.1">Calculation in Content MathML format</ows:Title>
				<ows:Abstract xmlns:ows="http://www.opengis.net/ows/1.1">Calculation in Content MathML format</ows:Abstract>
				<ComplexData maximumMegabytes="50">
					<Default>
						<Format>
							<MimeType>text/xml</MimeType>
						</Format>
					</Default>
					<Supported>
						<Format>
							<MimeType>text/xml</MimeType>
						</Format>
					</Supported>
				</ComplexData>
			</Input>
			<Input maxOccurs="1" minOccurs="0">
				<ows:Identifier xmlns:ows="http://www.opengis.net/ows/1.1">OutputDataType</ows:Identifier>
				<ows:Title xmlns:ows="http://www.opengis.net/ows/1.1">The output data type</ows:Title>
				<ows:Abstract xmlns:ows="http://www.opengis.net/ows/1.1">The data type of the raster output file</ows:Abstract>
				<LiteralData>
					<ows:AllowedValues xmlns:ows="http://www.opengis.net/ows/1.1">
						<ows:Value>Byte</ows:Value>
						<ows:Value>Int16</ows:Value>
						<ows:Value>UInt16</ows:Value>
						<ows:Value>UInt32</ows:Value>
						<ows:Value>Int32</ows:Value>
						<ows:Value>Float32</ows:Value>
						<ows:Value>Float64</ows:Value>
						<ows:Value>CInt16</ows:Value>
						<ows:Value>CInt32</ows:Value>
						<ows:Value>CFloat32</ows:Value>
						<ows:Value>CFloat64</ows:Value>
					</ows:AllowedValues>
				</LiteralData>
			</Input>
		</DataInputs>
		<ProcessOutputs>
			<Output>
				<ows:Identifier xmlns:ows="http://www.opengis.net/ows/1.1">OutputRaster</ows:Identifier>
				<ows:Title xmlns:ows="http://www.opengis.net/ows/1.1">Output raster file</ows:Title>
				<ows:Abstract xmlns:ows="http://www.opengis.net/ows/1.1">Output raster file</ows:Abstract>
				<ComplexOutput>
					<Default>
						<Format>
							<MimeType>image/tiff</MimeType>
						</Format>
					</Default>
					<Supported>
						<Format>
							<MimeType>image/tiff</MimeType>
						</Format>
						<Format>
							<MimeType>application/x-netcdf</MimeType>
						</Format>
						<Format>
							<MimeType>application/x-hdf</MimeType>
						</Format>
						<Format>
							<MimeType>image/png</MimeType>
						</Format>
						<Format>
							<MimeType>image/jpeg</MimeType>
						</Format>
						<Format>
							<MimeType>image/gif</MimeType>
						</Format>
					</Supported>
				</ComplexOutput>
			</Output>
		</ProcessOutputs>
	</ProcessDescription>