<?xml version='1.0' encoding='utf-8' ?>
<sar:EarthObservation xmlns:date="http://exslt.org/dates-and-times" 
                      xmlns:gml="http://www.opengis.net/gml" 
                      xmlns:fn="http://www.w3.org/2005/xpath-functions" 
                      xmlns:sar="http://earth.esa.int/sar" 
                      xmlns:eop="http://earth.esa.int/eop" 
                      xmlns:xsi="http://www.w3.org/2001/XMLSchema-instance" 
                      xmlns:xlink="http://www.w3.org/1999/xlink" 
                      xmlns:mmmc="http://earth.esa.int/XML/mmmc" 
                      version="1.2.1" >
    <gml:metaDataProperty>
        <eop:EarthObservationMetaData>
            <eop:identifier>urn:ogc:def:EOP:ESA.EECF.ENVISAT_ASA_GMI_1S:EN1-07010101341408-172972.XG0</eop:identifier>
            <eop:parentIdentifier>urn:ogc:def:EOP:ESA.EECF.ENVISAT_ASA_GMI_1S</eop:parentIdentifier>
            <eop:acquisitionType>NOMINAL</eop:acquisitionType>
            <eop:productType>ASA_GM__0P</eop:productType>
            <eop:status>ARCHIVED</eop:status>
            <eop:downlinkedTo>
                <eop:DownlinkInformation>
                    <eop:acquisitionStation>ESR</eop:acquisitionStation>
                    <eop:acquisitionDate>2007-01-01T01:34:14.087Z</eop:acquisitionDate>
                </eop:DownlinkInformation>
            </eop:downlinkedTo>
            <eop:archivedIn>
                <eop:ArchivingInformation>
                    <eop:archivingCenter>ESR</eop:archivingCenter>
                    <eop:archivingDate>2007-01-01T01:51:43.807Z</eop:archivingDate>
                    <eop:archivingIdentifier codeSpace="urn:eop:EOP:stationCode" >ASA_GM__0PNPDE20070101_013414_000010502054_00189_25293_0603.N1</eop:archivingIdentifier>
                </eop:ArchivingInformation>
            </eop:archivedIn>
            <eop:processing>
                <eop:ProcessingInformation>
                    <eop:processorVersion>4301</eop:processorVersion>
                </eop:ProcessingInformation>
            </eop:processing>
            <eop:vendorSpecific>
                <eop:SpecificInformation>
                    <eop:localAttribute>/metadata/mdContact/rpOrgName</eop:localAttribute>
                    <eop:localValue>ESR</eop:localValue>
                </eop:SpecificInformation>
                <eop:SpecificInformation>
                    <eop:localAttribute>/metadata/mdContact/role</eop:localAttribute>
                    <eop:localValue>002</eop:localValue>
                </eop:SpecificInformation>
                <eop:SpecificInformation>
                    <eop:localAttribute>/metadata/mdDateSt</eop:localAttribute>
                    <eop:localValue>2009-01-30T15:33:08.000Z</eop:localValue>
                </eop:SpecificInformation>
                <eop:SpecificInformation>
                    <eop:localAttribute>/metadata/dataIdInfo/satDom/missionPhase</eop:localAttribute>
                    <eop:localValue>2</eop:localValue>
                </eop:SpecificInformation>
                <eop:SpecificInformation>
                    <eop:localAttribute>/metadata/dataIdInfo/satDom/wrs/track</eop:localAttribute>
                    <eop:localValue>189</eop:localValue>
                </eop:SpecificInformation>
                <eop:SpecificInformation>
                    <eop:localAttribute>/metadata/dataIdInfo/satDom/pol</eop:localAttribute>
                    <eop:localValue>HH</eop:localValue>
                </eop:SpecificInformation>
                <eop:SpecificInformation>
                    <eop:localAttribute>/metadata/dataIdInfo/geoRef/insGeoRef/posInf/coord/x</eop:localAttribute>
                    <eop:localValue>4793383</eop:localValue>
                </eop:SpecificInformation>
                <eop:SpecificInformation>
                    <eop:localAttribute>/metadata/dataIdInfo/geoRef/insGeoRef/posInf/coord/y</eop:localAttribute>
                    <eop:localValue>-5326302</eop:localValue>
                </eop:SpecificInformation>
                <eop:SpecificInformation>
                    <eop:localAttribute>/metadata/dataIdInfo/geoRef/insGeoRef/posInf/coord/z</eop:localAttribute>
                    <eop:localValue>1923</eop:localValue>
                </eop:SpecificInformation>
                <eop:SpecificInformation>
                    <eop:localAttribute>/metadata/dataIdInfo/idCitation/resTitle</eop:localAttribute>
                    <eop:localValue>EN-070101013414-1730.ASA_GM__0P</eop:localValue>
                </eop:SpecificInformation>
                <eop:SpecificInformation>
                    <eop:localAttribute>/metadata/dataIdInfo/dataExt/geoEle/scLnPts</eop:localAttribute>
                    <eop:localValue>3</eop:localValue>
                </eop:SpecificInformation>
                <eop:SpecificInformation>
                    <eop:localAttribute>/metadata/dqInfo/dqScope/scpLvl</eop:localAttribute>
                    <eop:localValue>Dataset</eop:localValue>
                </eop:SpecificInformation>
                <eop:SpecificInformation>
                    <eop:localAttribute>/metadata/dqInfo/dataLineage/prcStep/stepDesc</eop:localAttribute>
                    <eop:localValue>N</eop:localValue>
                </eop:SpecificInformation>
                <eop:SpecificInformation>
                    <eop:localAttribute>/metadata/dqInfo/dataLineage/prcStep/stepDateTm</eop:localAttribute>
                    <eop:localValue>2007-01-01T02:18:41.000Z</eop:localValue>
                </eop:SpecificInformation>
                <eop:SpecificInformation>
                    <eop:localAttribute>/metadata/dqInfo/dataLineage/prcStep/stepProc/rpOrgName</eop:localAttribute>
                    <eop:localValue>ESR</eop:localValue>
                </eop:SpecificInformation>
                <eop:SpecificInformation>
                    <eop:localAttribute>/metadata/dqInfo/dataLineage/prcStep/stepProc/role</eop:localAttribute>
                    <eop:localValue>009</eop:localValue>
                </eop:SpecificInformation>
                <eop:SpecificInformation>
                    <eop:localAttribute>/metadata/dqInfo/dataLineage/prcStep/procOptions/formProcOptions/optionName</eop:localAttribute>
                    <eop:localValue>AuxiliaryData</eop:localValue>
                </eop:SpecificInformation>
                <eop:SpecificInformation>
                    <eop:localAttribute>/metadata/dqInfo/dataLineage/prcStep/procOptions/formProcOptions/optionValue</eop:localAttribute>
                    <eop:localValue>AUX_CN0_AXVPDS20020123_121901_20020101_000000_20200101_000000</eop:localValue>
                </eop:SpecificInformation>
                <eop:SpecificInformation>
                    <eop:localAttribute>/metadata/dqInfo/dataLineage/prcStep/algorithm</eop:localAttribute>
                    <eop:localValue>4301</eop:localValue>
                </eop:SpecificInformation>
            </eop:vendorSpecific>
        </eop:EarthObservationMetaData>
    </gml:metaDataProperty>
    <gml:validTime>
        <gml:TimePeriod>
            <gml:beginPosition>2007-01-01T01:34:14.087Z</gml:beginPosition>
            <gml:endPosition>2007-01-01T01:51:43.807Z</gml:endPosition>
        </gml:TimePeriod>
    </gml:validTime>
    <gml:using>
        <eop:EarthObservationEquipment>
            <eop:platform>
                <eop:Platform>
                    <eop:shortName>ENVISAT</eop:shortName>
                    <eop:serialIdentifier/>
                    <eop:orbitType>LEO</eop:orbitType>
                </eop:Platform>
            </eop:platform>
            <eop:instrument>
                <eop:Instrument>
                    <eop:shortName>ASAR/GM</eop:shortName>
                </eop:Instrument>
            </eop:instrument>
            <eop:sensor>
                <eop:Sensor>
                    <eop:sensorType>RADAR</eop:sensorType>
                    <eop:swathIdentifier>GM</eop:swathIdentifier>
                </eop:Sensor>
            </eop:sensor>
            <eop:acquisitionParameters>
                <sar:Acquisition>
                    <eop:orbitNumber>25293</eop:orbitNumber>
                    <eop:lastOrbitNumber>25293</eop:lastOrbitNumber>
                    <eop:wrsLongitudeGrid>189</eop:wrsLongitudeGrid>
                </sar:Acquisition>
            </eop:acquisitionParameters>
        </eop:EarthObservationEquipment>
    </gml:using>
    <gml:target>
        <eop:Footprint>
            <gml:multiExtentOf>
                <gml:MultiSurface srsName="EPSG:4326" >
                    <gml:surfaceMembers>
                        <gml:Polygon>
                            <gml:exterior>
                                <gml:LinearRing>
                                    <gml:posList>78.91 -67.90 78.25 -76.67 77.34 -84.36 77.70 -85.41 78.19 -87.02 78.67 -88.76 79.15 -90.65 79.61 -92.70 80.06 -94.94 80.49 -97.38 80.91 -100.03 81.30 -102.93 81.68 -106.09 82.02 -109.53 82.34 -113.26 82.62 -117.28 82.87 -121.60 83.07 -126.20 83.23 -131.03 83.34 -136.06 83.39 -141.21 83.40 -146.08 83.35 -151.26 83.26 -156.32 83.11 -161.21 82.92 -165.87 82.69 -170.26 82.41 -174.36 82.10 -178.16 81.77 178.33 81.40 175.10 81.01 172.14 80.60 169.43 80.17 166.94 79.72 164.66 79.26 162.56 78.79 160.63 78.31 158.85 77.82 157.21 77.32 155.69 76.81 154.28 76.30 152.97 75.78 151.76 75.25 150.62 74.72 149.55 74.19 148.55 73.65 147.62 73.11 146.73 72.56 145.90 72.02 145.11 71.47 144.37 70.91 143.66 70.36 142.99 69.80 142.36 69.24 141.75 68.68 141.17 68.12 140.61 67.56 140.08 66.99 139.58 66.43 139.09 65.86 138.62 65.29 138.17 64.72 137.74 64.15 137.32 63.58 136.92 63.01 136.53 62.43 136.15 61.86 135.79 61.28 135.44 60.71 135.09 60.13 134.76 59.55 134.44 58.98 134.13 58.40 133.82 57.82 133.53 57.24 133.24 56.66 132.96 56.08 132.68 55.50 132.41 54.92 132.15 54.34 131.90 53.76 131.64 53.18 131.40 52.59 131.16 52.01 130.92 51.43 130.69 50.84 130.47 50.26 130.25 49.68 130.03 49.09 129.81 48.51 129.60 47.92 129.40 47.34 129.19 46.75 128.99 46.17 128.80 45.58 128.60 44.99 128.41 44.41 128.22 43.82 128.04 43.23 127.85 42.65 127.67 42.06 127.49 41.47 127.32 40.88 127.14 40.30 126.97 39.71 126.80 39.12 126.63 38.37 126.42 38.76 124.07 39.09 121.69 39.84 121.85 40.43 121.98 41.02 122.11 41.61 122.24 42.19 122.37 42.78 122.50 43.37 122.63 43.96 122.77 44.54 122.90 45.13 123.04 45.72 123.17 46.31 123.31 46.89 123.45 47.48 123.59 48.07 123.73 48.65 123.87 49.24 124.02 49.83 124.16 50.42 124.31 51.00 124.46 51.59 124.61 52.17 124.76 52.76 124.91 53.35 125.07 53.93 125.23 54.52 125.39 55.10 125.55 55.69 125.72 56.27 125.89 56.86 126.06 57.44 126.23 58.03 126.41 58.61 126.59 59.20 126.77 59.78 126.96 60.37 127.15 60.95 127.35 61.53 127.55 62.12 127.75 62.70 127.96 63.28 128.18 63.87 128.40 64.45 128.63 65.03 128.86 65.62 129.11 66.20 129.36 66.78 129.61 67.36 129.88 67.94 130.16 68.52 130.44 69.11 130.74 69.68 131.05 70.27 131.37 70.85 131.71 71.42 132.07 72.00 132.44 72.58 132.83 73.16 133.24 73.74 133.67 74.31 134.13 74.89 134.62 75.46 135.15 76.04 135.70 76.61 136.30 77.18 136.95 77.75 137.64 78.32 138.40 78.89 139.23 79.45 140.14 80.01 141.14 80.57 142.24 81.13 143.48 81.68 144.88 82.23 146.46 82.77 148.26 83.31 150.34 83.83 152.77 84.34 155.63 84.84 159.03 85.32 163.13 85.76 168.10 86.17 174.18 86.53 -178.40 86.82 -169.48 87.02 -159.08 87.11 -147.61 87.10 -138.11 86.98 -126.84 86.76 -116.78 86.45 -108.24 86.08 -101.17 85.66 -95.39 85.20 -90.65 84.72 -86.75 84.22 -83.49 83.70 -80.75 83.17 -78.41 82.64 -76.40 82.10 -74.66 81.55 -73.13 80.99 -71.78 80.43 -70.57 79.87 -69.49 79.31 -68.52 78.91 -67.90</gml:posList>
                                </gml:LinearRing>
                            </gml:exterior>
                        </gml:Polygon>
                    </gml:surfaceMembers>
                </gml:MultiSurface>
            </gml:multiExtentOf>
        </eop:Footprint>
    </gml:target>
    <gml:resultOf>
        <eop:EarthObservationResult>
            <eop:browse>
                <eop:BrowseInformation>
                    <eop:type>THUMBNAIL</eop:type>
                    <eop:referenceSystemIdentifier codeSpace="EPSG" >epsg:4326</eop:referenceSystemIdentifier>
                    <eop:fileName>http://muiscx3.eo.esa.int:80/XG/XGI/EN1/20070101T013414087-20070101T015143807_T-XG0B.jpg</eop:fileName>
                </eop:BrowseInformation>
                <eop:BrowseInformation>
                    <eop:type>QUICKLOOK</eop:type>
                    <eop:referenceSystemIdentifier codeSpace="EPSG" >epsg:4326</eop:referenceSystemIdentifier>
                    <eop:fileName>http://muiscx3.eo.esa.int:80/XG/XGI/EN1/20070101T013414087-20070101T015143807_B-XG0B.jpg</eop:fileName>
                </eop:BrowseInformation>
            </eop:browse>
            <eop:product>
                <eop:ProductInformation>
                    <eop:fileName/>
                    <eop:version>4301</eop:version>
                </eop:ProductInformation>
            </eop:product>
        </eop:EarthObservationResult>
    </gml:resultOf>
</sar:EarthObservation>
