<?xml version='1.0' encoding='utf-8' ?>
<sar:EarthObservation xmlns:date="http://exslt.org/dates-and-times" 
                      xmlns:gml="http://www.opengis.net/gml" 
                      xmlns:fn="http://www.w3.org/2005/xpath-functions" 
                      xmlns:sar="http://earth.esa.int/sar" 
                      xmlns:eop="http://earth.esa.int/eop" 
                      xmlns:xsi="http://www.w3.org/2001/XMLSchema-instance" 
                      xmlns:xlink="http://www.w3.org/1999/xlink" 
                      xmlns:mmmc="http://earth.esa.int/XML/mmmc" 
                      version="1.2.1" >
    <gml:metaDataProperty>
        <eop:EarthObservationMetaData>
            <eop:identifier>urn:ogc:def:EOP:ESA.EECF.ENVISAT_ASA_GMI_1S:EN1-07010100414998-82610.XG0</eop:identifier>
            <eop:parentIdentifier>urn:ogc:def:EOP:ESA.EECF.ENVISAT_ASA_GMI_1S</eop:parentIdentifier>
            <eop:acquisitionType>NOMINAL</eop:acquisitionType>
            <eop:productType>ASA_GM__0P</eop:productType>
            <eop:status>ARCHIVED</eop:status>
            <eop:downlinkedTo>
                <eop:DownlinkInformation>
                    <eop:acquisitionStation>ESR</eop:acquisitionStation>
                    <eop:acquisitionDate>2007-01-01T00:41:49.988Z</eop:acquisitionDate>
                </eop:DownlinkInformation>
            </eop:downlinkedTo>
            <eop:archivedIn>
                <eop:ArchivingInformation>
                    <eop:archivingCenter>ESR</eop:archivingCenter>
                    <eop:archivingDate>2007-01-01T00:50:16.090Z</eop:archivingDate>
                    <eop:archivingIdentifier codeSpace="urn:eop:EOP:stationCode" >ASA_GM__0PNPDE20070101_004149_000005062054_00188_25292_0599.N1</eop:archivingIdentifier>
                </eop:ArchivingInformation>
            </eop:archivedIn>
            <eop:processing>
                <eop:ProcessingInformation>
                    <eop:processorVersion>4301</eop:processorVersion>
                </eop:ProcessingInformation>
            </eop:processing>
            <eop:vendorSpecific>
                <eop:SpecificInformation>
                    <eop:localAttribute>/metadata/mdContact/rpOrgName</eop:localAttribute>
                    <eop:localValue>ESR</eop:localValue>
                </eop:SpecificInformation>
                <eop:SpecificInformation>
                    <eop:localAttribute>/metadata/mdContact/role</eop:localAttribute>
                    <eop:localValue>002</eop:localValue>
                </eop:SpecificInformation>
                <eop:SpecificInformation>
                    <eop:localAttribute>/metadata/mdDateSt</eop:localAttribute>
                    <eop:localValue>2009-01-30T15:33:08.000Z</eop:localValue>
                </eop:SpecificInformation>
                <eop:SpecificInformation>
                    <eop:localAttribute>/metadata/dataIdInfo/satDom/missionPhase</eop:localAttribute>
                    <eop:localValue>2</eop:localValue>
                </eop:SpecificInformation>
                <eop:SpecificInformation>
                    <eop:localAttribute>/metadata/dataIdInfo/satDom/wrs/track</eop:localAttribute>
                    <eop:localValue>188</eop:localValue>
                </eop:SpecificInformation>
                <eop:SpecificInformation>
                    <eop:localAttribute>/metadata/dataIdInfo/satDom/pol</eop:localAttribute>
                    <eop:localValue>HH</eop:localValue>
                </eop:SpecificInformation>
                <eop:SpecificInformation>
                    <eop:localAttribute>/metadata/dataIdInfo/geoRef/insGeoRef/posInf/coord/x</eop:localAttribute>
                    <eop:localValue>4793383</eop:localValue>
                </eop:SpecificInformation>
                <eop:SpecificInformation>
                    <eop:localAttribute>/metadata/dataIdInfo/geoRef/insGeoRef/posInf/coord/y</eop:localAttribute>
                    <eop:localValue>-5326302</eop:localValue>
                </eop:SpecificInformation>
                <eop:SpecificInformation>
                    <eop:localAttribute>/metadata/dataIdInfo/geoRef/insGeoRef/posInf/coord/z</eop:localAttribute>
                    <eop:localValue>1923</eop:localValue>
                </eop:SpecificInformation>
                <eop:SpecificInformation>
                    <eop:localAttribute>/metadata/dataIdInfo/idCitation/resTitle</eop:localAttribute>
                    <eop:localValue>EN-070101004149-826.ASA_GM__0P</eop:localValue>
                </eop:SpecificInformation>
                <eop:SpecificInformation>
                    <eop:localAttribute>/metadata/dataIdInfo/dataExt/geoEle/scLnPts</eop:localAttribute>
                    <eop:localValue>3</eop:localValue>
                </eop:SpecificInformation>
                <eop:SpecificInformation>
                    <eop:localAttribute>/metadata/dqInfo/dqScope/scpLvl</eop:localAttribute>
                    <eop:localValue>Dataset</eop:localValue>
                </eop:SpecificInformation>
                <eop:SpecificInformation>
                    <eop:localAttribute>/metadata/dqInfo/dataLineage/prcStep/stepDesc</eop:localAttribute>
                    <eop:localValue>N</eop:localValue>
                </eop:SpecificInformation>
                <eop:SpecificInformation>
                    <eop:localAttribute>/metadata/dqInfo/dataLineage/prcStep/stepDateTm</eop:localAttribute>
                    <eop:localValue>2007-01-01T01:01:35.000Z</eop:localValue>
                </eop:SpecificInformation>
                <eop:SpecificInformation>
                    <eop:localAttribute>/metadata/dqInfo/dataLineage/prcStep/stepProc/rpOrgName</eop:localAttribute>
                    <eop:localValue>ESR</eop:localValue>
                </eop:SpecificInformation>
                <eop:SpecificInformation>
                    <eop:localAttribute>/metadata/dqInfo/dataLineage/prcStep/stepProc/role</eop:localAttribute>
                    <eop:localValue>009</eop:localValue>
                </eop:SpecificInformation>
                <eop:SpecificInformation>
                    <eop:localAttribute>/metadata/dqInfo/dataLineage/prcStep/procOptions/formProcOptions/optionName</eop:localAttribute>
                    <eop:localValue>AuxiliaryData</eop:localValue>
                </eop:SpecificInformation>
                <eop:SpecificInformation>
                    <eop:localAttribute>/metadata/dqInfo/dataLineage/prcStep/procOptions/formProcOptions/optionValue</eop:localAttribute>
                    <eop:localValue>AUX_CN0_AXVPDS20020123_121901_20020101_000000_20200101_000000</eop:localValue>
                </eop:SpecificInformation>
                <eop:SpecificInformation>
                    <eop:localAttribute>/metadata/dqInfo/dataLineage/prcStep/algorithm</eop:localAttribute>
                    <eop:localValue>4301</eop:localValue>
                </eop:SpecificInformation>
            </eop:vendorSpecific>
        </eop:EarthObservationMetaData>
    </gml:metaDataProperty>
    <gml:validTime>
        <gml:TimePeriod>
            <gml:beginPosition>2007-01-01T00:41:49.988Z</gml:beginPosition>
            <gml:endPosition>2007-01-01T00:50:16.090Z</gml:endPosition>
        </gml:TimePeriod>
    </gml:validTime>
    <gml:using>
        <eop:EarthObservationEquipment>
            <eop:platform>
                <eop:Platform>
                    <eop:shortName>ENVISAT</eop:shortName>
                    <eop:serialIdentifier>B</eop:serialIdentifier>
                    <eop:orbitType>LEO</eop:orbitType>
                </eop:Platform>
            </eop:platform>
            <eop:instrument>
                <eop:Instrument>
                    <eop:shortName>ASAR/GM</eop:shortName>
                </eop:Instrument>
            </eop:instrument>
            <eop:sensor>
                <eop:Sensor>
                    <eop:sensorType>RADAR</eop:sensorType>
                    <eop:swathIdentifier>GM</eop:swathIdentifier>
		    <eop:operationalMode>HV</eop:operationalMode>
		    <eop:resolution>2</eop:resolution>
                </eop:Sensor>
            </eop:sensor>
            <eop:acquisitionParameters>
                <sar:Acquisition>
                    <eop:orbitNumber>25292</eop:orbitNumber>
                    <eop:lastOrbitNumber>25292</eop:lastOrbitNumber>
                    <eop:wrsLongitudeGrid>188</eop:wrsLongitudeGrid>
		    <sar:polarisationMode>Q</sar:polarisationMode>
		    <sar:polarisationChannels>HH</sar:polarisationChannels>
                    <sar:minimumIncidenceAngle>15</sar:minimumIncidenceAngle>
	            <sar:maximumIncidenceAngle>30</sar:maximumIncidenceAngle>
                </sar:Acquisition>
            </eop:acquisitionParameters>
        </eop:EarthObservationEquipment>
    </gml:using>
    <gml:target>
        <eop:Footprint>
            <gml:multiExtentOf>
                <gml:MultiSurface srsName="EPSG:4326" >
                    <gml:surfaceMembers>
                        <gml:Polygon>
                            <gml:exterior>
                                <gml:LinearRing>
                                    <gml:posList>-66.68 102.63 -67.83 106.55 -68.87 110.86 -69.13 110.41 -69.64 109.52 -70.15 108.57 -70.65 107.59 -71.15 106.55 -71.64 105.47 -72.12 104.32 -72.60 103.12 -73.07 101.86 -73.53 100.53 -73.98 99.12 -74.43 97.64 -74.86 96.08 -75.28 94.43 -75.69 92.68 -76.09 90.84 -76.48 88.90 -76.85 86.85 -77.20 84.69 -77.53 82.42 -77.85 80.02 -78.14 77.51 -78.41 74.88 -78.66 72.13 -78.88 69.27 -79.07 66.30 -79.24 63.24 -79.37 60.10 -79.47 56.88 -79.54 53.62 -79.58 50.33 -79.58 46.78 -79.55 43.49 -79.49 40.22 -79.39 36.99 -79.26 33.84 -79.10 30.76 -78.91 27.77 -78.70 24.90 -78.46 22.13 -78.19 19.48 -77.90 16.94 -77.59 14.53 -77.26 12.23 -76.91 10.05 -76.54 7.99 -76.16 6.02 -75.76 4.17 -75.35 2.41 -74.93 0.74 -74.46 -0.97 -73.11 3.78 -71.66 7.83 -72.06 9.50 -72.42 11.09 -72.76 12.75 -73.09 14.46 -73.40 16.24 -73.70 18.09 -73.99 20.00 -74.25 21.97 -74.50 24.01 -74.72 26.10 -74.93 28.26 -75.12 30.47 -75.28 32.73 -75.43 35.03 -75.55 37.38 -75.64 39.76 -75.72 42.17 -75.77 44.59 -75.79 47.03 -75.79 49.95 -75.76 52.38 -75.71 54.80 -75.63 57.20 -75.53 59.57 -75.40 61.91 -75.25 64.21 -75.08 66.46 -74.89 68.66 -74.68 70.80 -74.45 72.89 -74.20 74.91 -73.93 76.87 -73.65 78.77 -73.35 80.61 -73.03 82.37 -72.70 84.08 -72.36 85.72 -72.00 87.30 -71.63 88.82 -71.24 90.29 -70.85 91.69 -70.45 93.04 -70.04 94.34 -69.61 95.59 -69.19 96.79 -68.75 97.94 -68.30 99.05 -67.85 100.12 -67.39 101.15 -66.93 102.14 -66.68 102.63</gml:posList>
                                </gml:LinearRing>
                            </gml:exterior>
                        </gml:Polygon>
                    </gml:surfaceMembers>
                </gml:MultiSurface>
            </gml:multiExtentOf>
        </eop:Footprint>
    </gml:target>
    <gml:resultOf>
        <eop:EarthObservationResult>
            <eop:browse>
                <eop:BrowseInformation>
                    <eop:type>THUMBNAIL</eop:type>
                    <eop:referenceSystemIdentifier codeSpace="EPSG" >epsg:4326</eop:referenceSystemIdentifier>
                    <eop:fileName>http://muiscx3.eo.esa.int:80/XG/XGI/EN1/20070101T004149988-20070101T005016090_T-XG0B.jpg</eop:fileName>
                </eop:BrowseInformation>
                <eop:BrowseInformation>
                    <eop:type>QUICKLOOK</eop:type>
                    <eop:referenceSystemIdentifier codeSpace="EPSG" >epsg:4326</eop:referenceSystemIdentifier>
                    <eop:fileName>http://muiscx3.eo.esa.int:80/XG/XGI/EN1/20070101T004149988-20070101T005016090_B-XG0B.jpg</eop:fileName>
                </eop:BrowseInformation>
            </eop:browse>
            <eop:product>
                <eop:ProductInformation>
                    <eop:fileName>http://genesis.pisa.intecs.it/EO_PRODUCTS_DATA/NorthSea_Spring_2009032_H1.jpg</eop:fileName>
                    <eop:version>4301</eop:version>
                </eop:ProductInformation>
            </eop:product>
        </eop:EarthObservationResult>
    </gml:resultOf>
</sar:EarthObservation>
