<?xml version='1.0' encoding='utf-8' ?>
<sar:EarthObservation xmlns:date="http://exslt.org/dates-and-times" 
                      xmlns:gml="http://www.opengis.net/gml" 
                      xmlns:fn="http://www.w3.org/2005/xpath-functions" 
                      xmlns:sar="http://earth.esa.int/sar" 
                      xmlns:eop="http://earth.esa.int/eop" 
                      xmlns:xsi="http://www.w3.org/2001/XMLSchema-instance" 
                      xmlns:xlink="http://www.w3.org/1999/xlink" 
                      xmlns:mmmc="http://earth.esa.int/XML/mmmc" 
                      version="1.2.1" >
    <gml:metaDataProperty>
        <eop:EarthObservationMetaData>
            <eop:identifier>urn:ogc:def:EOP:ESA.EECF.ENVISAT_ASA_GMI_1S:EN1-07010101070901-43001.XG0</eop:identifier>
            <eop:parentIdentifier>urn:ogc:def:EOP:ESA.EECF.ENVISAT_ASA_GMI_1S</eop:parentIdentifier>
            <eop:acquisitionType>NOMINAL</eop:acquisitionType>
            <eop:productType>ASA_GM__0P</eop:productType>
            <eop:status>ARCHIVED</eop:status>
            <eop:downlinkedTo>
                <eop:DownlinkInformation>
                    <eop:acquisitionStation>ESR</eop:acquisitionStation>
                    <eop:acquisitionDate>2007-01-01T01:07:09.011Z</eop:acquisitionDate>
                </eop:DownlinkInformation>
            </eop:downlinkedTo>
            <eop:archivedIn>
                <eop:ArchivingInformation>
                    <eop:archivingCenter>ESR</eop:archivingCenter>
                    <eop:archivingDate>2007-01-01T01:11:39.029Z</eop:archivingDate>
                    <eop:archivingIdentifier codeSpace="urn:eop:EOP:stationCode" >ASA_GM__0PNPDE20070101_010709_000002702054_00188_25292_0601.N1</eop:archivingIdentifier>
                </eop:ArchivingInformation>
            </eop:archivedIn>
            <eop:processing>
                <eop:ProcessingInformation>
                    <eop:processorVersion>4301</eop:processorVersion>
                </eop:ProcessingInformation>
            </eop:processing>
            <eop:vendorSpecific>
                <eop:SpecificInformation>
                    <eop:localAttribute>/metadata/mdContact/rpOrgName</eop:localAttribute>
                    <eop:localValue>ESR</eop:localValue>
                </eop:SpecificInformation>
                <eop:SpecificInformation>
                    <eop:localAttribute>/metadata/mdContact/role</eop:localAttribute>
                    <eop:localValue>002</eop:localValue>
                </eop:SpecificInformation>
                <eop:SpecificInformation>
                    <eop:localAttribute>/metadata/mdDateSt</eop:localAttribute>
                    <eop:localValue>2009-01-30T15:33:08.000Z</eop:localValue>
                </eop:SpecificInformation>
                <eop:SpecificInformation>
                    <eop:localAttribute>/metadata/dataIdInfo/satDom/missionPhase</eop:localAttribute>
                    <eop:localValue>2</eop:localValue>
                </eop:SpecificInformation>
                <eop:SpecificInformation>
                    <eop:localAttribute>/metadata/dataIdInfo/satDom/wrs/track</eop:localAttribute>
                    <eop:localValue>188</eop:localValue>
                </eop:SpecificInformation>
                <eop:SpecificInformation>
                    <eop:localAttribute>/metadata/dataIdInfo/satDom/pol</eop:localAttribute>
                    <eop:localValue>HH</eop:localValue>
                </eop:SpecificInformation>
                <eop:SpecificInformation>
                    <eop:localAttribute>/metadata/dataIdInfo/geoRef/insGeoRef/posInf/coord/x</eop:localAttribute>
                    <eop:localValue>4793383</eop:localValue>
                </eop:SpecificInformation>
                <eop:SpecificInformation>
                    <eop:localAttribute>/metadata/dataIdInfo/geoRef/insGeoRef/posInf/coord/y</eop:localAttribute>
                    <eop:localValue>-5326302</eop:localValue>
                </eop:SpecificInformation>
                <eop:SpecificInformation>
                    <eop:localAttribute>/metadata/dataIdInfo/geoRef/insGeoRef/posInf/coord/z</eop:localAttribute>
                    <eop:localValue>1923</eop:localValue>
                </eop:SpecificInformation>
                <eop:SpecificInformation>
                    <eop:localAttribute>/metadata/dataIdInfo/idCitation/resTitle</eop:localAttribute>
                    <eop:localValue>EN-070101010709-430.ASA_GM__0P</eop:localValue>
                </eop:SpecificInformation>
                <eop:SpecificInformation>
                    <eop:localAttribute>/metadata/dataIdInfo/dataExt/geoEle/scLnPts</eop:localAttribute>
                    <eop:localValue>3</eop:localValue>
                </eop:SpecificInformation>
                <eop:SpecificInformation>
                    <eop:localAttribute>/metadata/dqInfo/dqScope/scpLvl</eop:localAttribute>
                    <eop:localValue>Dataset</eop:localValue>
                </eop:SpecificInformation>
                <eop:SpecificInformation>
                    <eop:localAttribute>/metadata/dqInfo/dataLineage/prcStep/stepDesc</eop:localAttribute>
                    <eop:localValue>N</eop:localValue>
                </eop:SpecificInformation>
                <eop:SpecificInformation>
                    <eop:localAttribute>/metadata/dqInfo/dataLineage/prcStep/stepDateTm</eop:localAttribute>
                    <eop:localValue>2007-01-01T02:14:57.000Z</eop:localValue>
                </eop:SpecificInformation>
                <eop:SpecificInformation>
                    <eop:localAttribute>/metadata/dqInfo/dataLineage/prcStep/stepProc/rpOrgName</eop:localAttribute>
                    <eop:localValue>ESR</eop:localValue>
                </eop:SpecificInformation>
                <eop:SpecificInformation>
                    <eop:localAttribute>/metadata/dqInfo/dataLineage/prcStep/stepProc/role</eop:localAttribute>
                    <eop:localValue>009</eop:localValue>
                </eop:SpecificInformation>
                <eop:SpecificInformation>
                    <eop:localAttribute>/metadata/dqInfo/dataLineage/prcStep/procOptions/formProcOptions/optionName</eop:localAttribute>
                    <eop:localValue>AuxiliaryData</eop:localValue>
                </eop:SpecificInformation>
                <eop:SpecificInformation>
                    <eop:localAttribute>/metadata/dqInfo/dataLineage/prcStep/procOptions/formProcOptions/optionValue</eop:localAttribute>
                    <eop:localValue>AUX_CN0_AXVPDS20020123_121901_20020101_000000_20200101_000000</eop:localValue>
                </eop:SpecificInformation>
                <eop:SpecificInformation>
                    <eop:localAttribute>/metadata/dqInfo/dataLineage/prcStep/algorithm</eop:localAttribute>
                    <eop:localValue>4301</eop:localValue>
                </eop:SpecificInformation>
            </eop:vendorSpecific>
        </eop:EarthObservationMetaData>
    </gml:metaDataProperty>
    <gml:validTime>
        <gml:TimePeriod>
            <gml:beginPosition>2007-01-01T01:07:09.011Z</gml:beginPosition>
            <gml:endPosition>2007-01-01T01:11:39.029Z</gml:endPosition>
        </gml:TimePeriod>
    </gml:validTime>
    <gml:using>
        <eop:EarthObservationEquipment>
            <eop:platform>
                <eop:Platform>
                    <eop:shortName>ENVISAT</eop:shortName>
                    <eop:serialIdentifier/>
                    <eop:orbitType>LEO</eop:orbitType>
                </eop:Platform>
            </eop:platform>
            <eop:instrument>
                <eop:Instrument>
                    <eop:shortName>ASAR/GM</eop:shortName>
                </eop:Instrument>
            </eop:instrument>
            <eop:sensor>
                <eop:Sensor>
                    <eop:sensorType>RADAR</eop:sensorType>
                    <eop:swathIdentifier>GM</eop:swathIdentifier>
                </eop:Sensor>
            </eop:sensor>
            <eop:acquisitionParameters>
                <sar:Acquisition>
                    <eop:orbitNumber>25292</eop:orbitNumber>
                    <eop:lastOrbitNumber>25292</eop:lastOrbitNumber>
                    <eop:wrsLongitudeGrid>188</eop:wrsLongitudeGrid>
                </sar:Acquisition>
            </eop:acquisitionParameters>
        </eop:EarthObservationEquipment>
    </gml:using>
    <gml:target>
        <eop:Footprint>
            <gml:multiExtentOf>
                <gml:MultiSurface srsName="EPSG:4326" >
                    <gml:surfaceMembers>
                        <gml:Polygon>
                            <gml:exterior>
                                <gml:LinearRing>
                                    <gml:posList>-16.59 -38.19 -17.05 -40.10 -17.50 -42.02 -17.14 -42.11 -16.54 -42.26 -15.95 -42.40 -15.36 -42.54 -14.77 -42.68 -14.18 -42.83 -13.58 -42.97 -12.99 -43.11 -12.40 -43.25 -11.81 -43.39 -11.21 -43.52 -10.62 -43.66 -10.03 -43.80 -9.43 -43.94 -8.84 -44.07 -8.25 -44.21 -7.66 -44.34 -7.06 -44.48 -6.47 -44.61 -5.87 -44.75 -5.28 -44.88 -4.69 -45.01 -4.09 -45.14 -3.50 -45.28 -2.91 -45.41 -2.31 -45.54 -1.49 -45.72 -1.08 -43.88 -0.67 -42.05 -1.49 -41.86 -2.08 -41.73 -2.67 -41.60 -3.26 -41.46 -3.85 -41.33 -4.44 -41.19 -5.03 -41.06 -5.62 -40.92 -6.21 -40.78 -6.80 -40.64 -7.39 -40.50 -7.98 -40.36 -8.57 -40.22 -9.16 -40.08 -9.75 -39.93 -10.34 -39.79 -10.93 -39.64 -11.52 -39.50 -12.11 -39.35 -12.70 -39.20 -13.29 -39.05 -13.88 -38.90 -14.46 -38.75 -15.05 -38.60 -15.64 -38.44 -16.23 -38.28 -16.59 -38.19</gml:posList>
                                </gml:LinearRing>
                            </gml:exterior>
                        </gml:Polygon>
                    </gml:surfaceMembers>
                </gml:MultiSurface>
            </gml:multiExtentOf>
        </eop:Footprint>
    </gml:target>
    <gml:resultOf>
        <eop:EarthObservationResult>
            <eop:browse>
                <eop:BrowseInformation>
                    <eop:type>THUMBNAIL</eop:type>
                    <eop:referenceSystemIdentifier codeSpace="EPSG" >epsg:4326</eop:referenceSystemIdentifier>
                    <eop:fileName>http://muiscx3.eo.esa.int:80/XG/XGI/EN1/20070101T010709011-20070101T011139029_T-XG0B.jpg</eop:fileName>
                </eop:BrowseInformation>
                <eop:BrowseInformation>
                    <eop:type>QUICKLOOK</eop:type>
                    <eop:referenceSystemIdentifier codeSpace="EPSG" >epsg:4326</eop:referenceSystemIdentifier>
                    <eop:fileName>http://muiscx3.eo.esa.int:80/XG/XGI/EN1/20070101T010709011-20070101T011139029_B-XG0B.jpg</eop:fileName>
                </eop:BrowseInformation>
            </eop:browse>
            <eop:product>
                <eop:ProductInformation>
                    <eop:fileName/>
                    <eop:version>4301</eop:version>
                </eop:ProductInformation>
            </eop:product>
        </eop:EarthObservationResult>
    </gml:resultOf>
</sar:EarthObservation>
