<?xml version='1.0' encoding='utf-8' ?>
<sar:EarthObservation xmlns:date="http://exslt.org/dates-and-times" 
                      xmlns:gml="http://www.opengis.net/gml" 
                      xmlns:fn="http://www.w3.org/2005/xpath-functions" 
                      xmlns:sar="http://earth.esa.int/sar" 
                      xmlns:eop="http://earth.esa.int/eop" 
                      xmlns:xsi="http://www.w3.org/2001/XMLSchema-instance" 
                      xmlns:xlink="http://www.w3.org/1999/xlink" 
                      xmlns:mmmc="http://earth.esa.int/XML/mmmc" 
                      version="1.2.1" >
    <gml:metaDataProperty>
        <eop:EarthObservationMetaData>
            <eop:identifier>urn:ogc:def:EOP:ESA.EECF.ENVISAT_ASA_GMI_1S:EN1-07010100524457-21086.XG0</eop:identifier>
            <eop:parentIdentifier>urn:ogc:def:EOP:ESA.EECF.ENVISAT_ASA_GMI_1S</eop:parentIdentifier>
            <eop:acquisitionType>NOMINAL</eop:acquisitionType>
            <eop:productType>ASA_GM__0P</eop:productType>
            <eop:status>ARCHIVED</eop:status>
            <eop:downlinkedTo>
                <eop:DownlinkInformation>
                    <eop:acquisitionStation>ESR</eop:acquisitionStation>
                    <eop:acquisitionDate>2007-01-01T00:52:44.571Z</eop:acquisitionDate>
                </eop:DownlinkInformation>
            </eop:downlinkedTo>
            <eop:archivedIn>
                <eop:ArchivingInformation>
                    <eop:archivingCenter>ESR</eop:archivingCenter>
                    <eop:archivingDate>2007-01-01T00:54:55.431Z</eop:archivingDate>
                    <eop:archivingIdentifier codeSpace="urn:eop:EOP:stationCode" >ASA_GM__0PNPDE20070101_005244_000001312054_00188_25292_0600.N1</eop:archivingIdentifier>
                </eop:ArchivingInformation>
            </eop:archivedIn>
            <eop:processing>
                <eop:ProcessingInformation>
                    <eop:processorVersion>4301</eop:processorVersion>
                </eop:ProcessingInformation>
            </eop:processing>
            <eop:vendorSpecific>
                <eop:SpecificInformation>
                    <eop:localAttribute>/metadata/mdContact/rpOrgName</eop:localAttribute>
                    <eop:localValue>ESR</eop:localValue>
                </eop:SpecificInformation>
                <eop:SpecificInformation>
                    <eop:localAttribute>/metadata/mdContact/role</eop:localAttribute>
                    <eop:localValue>002</eop:localValue>
                </eop:SpecificInformation>
                <eop:SpecificInformation>
                    <eop:localAttribute>/metadata/mdDateSt</eop:localAttribute>
                    <eop:localValue>2009-01-30T15:33:08.000Z</eop:localValue>
                </eop:SpecificInformation>
                <eop:SpecificInformation>
                    <eop:localAttribute>/metadata/dataIdInfo/satDom/missionPhase</eop:localAttribute>
                    <eop:localValue>2</eop:localValue>
                </eop:SpecificInformation>
                <eop:SpecificInformation>
                    <eop:localAttribute>/metadata/dataIdInfo/satDom/wrs/track</eop:localAttribute>
                    <eop:localValue>188</eop:localValue>
                </eop:SpecificInformation>
                <eop:SpecificInformation>
                    <eop:localAttribute>/metadata/dataIdInfo/satDom/pol</eop:localAttribute>
                    <eop:localValue>HH</eop:localValue>
                </eop:SpecificInformation>
                <eop:SpecificInformation>
                    <eop:localAttribute>/metadata/dataIdInfo/geoRef/insGeoRef/posInf/coord/x</eop:localAttribute>
                    <eop:localValue>4793383</eop:localValue>
                </eop:SpecificInformation>
                <eop:SpecificInformation>
                    <eop:localAttribute>/metadata/dataIdInfo/geoRef/insGeoRef/posInf/coord/y</eop:localAttribute>
                    <eop:localValue>-5326302</eop:localValue>
                </eop:SpecificInformation>
                <eop:SpecificInformation>
                    <eop:localAttribute>/metadata/dataIdInfo/geoRef/insGeoRef/posInf/coord/z</eop:localAttribute>
                    <eop:localValue>1923</eop:localValue>
                </eop:SpecificInformation>
                <eop:SpecificInformation>
                    <eop:localAttribute>/metadata/dataIdInfo/idCitation/resTitle</eop:localAttribute>
                    <eop:localValue>EN-070101005244-211.ASA_GM__0P</eop:localValue>
                </eop:SpecificInformation>
                <eop:SpecificInformation>
                    <eop:localAttribute>/metadata/dataIdInfo/dataExt/geoEle/scLnPts</eop:localAttribute>
                    <eop:localValue>3</eop:localValue>
                </eop:SpecificInformation>
                <eop:SpecificInformation>
                    <eop:localAttribute>/metadata/dqInfo/dqScope/scpLvl</eop:localAttribute>
                    <eop:localValue>Dataset</eop:localValue>
                </eop:SpecificInformation>
                <eop:SpecificInformation>
                    <eop:localAttribute>/metadata/dqInfo/dataLineage/prcStep/stepDesc</eop:localAttribute>
                    <eop:localValue>N</eop:localValue>
                </eop:SpecificInformation>
                <eop:SpecificInformation>
                    <eop:localAttribute>/metadata/dqInfo/dataLineage/prcStep/stepDateTm</eop:localAttribute>
                    <eop:localValue>2007-01-01T01:03:34.000Z</eop:localValue>
                </eop:SpecificInformation>
                <eop:SpecificInformation>
                    <eop:localAttribute>/metadata/dqInfo/dataLineage/prcStep/stepProc/rpOrgName</eop:localAttribute>
                    <eop:localValue>ESR</eop:localValue>
                </eop:SpecificInformation>
                <eop:SpecificInformation>
                    <eop:localAttribute>/metadata/dqInfo/dataLineage/prcStep/stepProc/role</eop:localAttribute>
                    <eop:localValue>009</eop:localValue>
                </eop:SpecificInformation>
                <eop:SpecificInformation>
                    <eop:localAttribute>/metadata/dqInfo/dataLineage/prcStep/procOptions/formProcOptions/optionName</eop:localAttribute>
                    <eop:localValue>AuxiliaryData</eop:localValue>
                </eop:SpecificInformation>
                <eop:SpecificInformation>
                    <eop:localAttribute>/metadata/dqInfo/dataLineage/prcStep/procOptions/formProcOptions/optionValue</eop:localAttribute>
                    <eop:localValue>AUX_CN0_AXVPDS20020123_121901_20020101_000000_20200101_000000</eop:localValue>
                </eop:SpecificInformation>
                <eop:SpecificInformation>
                    <eop:localAttribute>/metadata/dqInfo/dataLineage/prcStep/algorithm</eop:localAttribute>
                    <eop:localValue>4301</eop:localValue>
                </eop:SpecificInformation>
            </eop:vendorSpecific>
        </eop:EarthObservationMetaData>
    </gml:metaDataProperty>
    <gml:validTime>
        <gml:TimePeriod>
            <gml:beginPosition>2007-01-01T00:52:44.571Z</gml:beginPosition>
            <gml:endPosition>2007-01-01T00:54:55.431Z</gml:endPosition>
        </gml:TimePeriod>
    </gml:validTime>
    <gml:using>
        <eop:EarthObservationEquipment>
            <eop:platform>
                <eop:Platform>
                    <eop:shortName>ENVISAT</eop:shortName>
                    <eop:serialIdentifier/>
                    <eop:orbitType>LEO</eop:orbitType>
                </eop:Platform>
            </eop:platform>
            <eop:instrument>
                <eop:Instrument>
                    <eop:shortName>ASAR/GM</eop:shortName>
                </eop:Instrument>
            </eop:instrument>
            <eop:sensor>
                <eop:Sensor>
                    <eop:sensorType>RADAR</eop:sensorType>
                    <eop:swathIdentifier>GM</eop:swathIdentifier>
                </eop:Sensor>
            </eop:sensor>
            <eop:acquisitionParameters>
                <sar:Acquisition>
                    <eop:orbitNumber>25292</eop:orbitNumber>
                    <eop:lastOrbitNumber>25292</eop:lastOrbitNumber>
                    <eop:wrsLongitudeGrid>188</eop:wrsLongitudeGrid>
                </sar:Acquisition>
            </eop:acquisitionParameters>
        </eop:EarthObservationEquipment>
    </gml:using>
    <gml:target>
        <eop:Footprint>
            <gml:multiExtentOf>
                <gml:MultiSurface srsName="EPSG:4326" >
                    <gml:surfaceMembers>
                        <gml:Polygon>
                            <gml:exterior>
                                <gml:LinearRing>
                                    <gml:posList>-65.13 -9.02 -66.20 -12.81 -67.17 -16.92 -67.14 -16.97 -66.61 -17.70 -66.08 -18.40 -65.54 -19.07 -65.01 -19.71 -64.47 -20.34 -63.92 -20.94 -63.38 -21.51 -62.83 -22.07 -62.29 -22.61 -61.74 -23.13 -61.18 -23.63 -60.63 -24.12 -60.06 -24.60 -59.28 -21.18 -58.42 -17.92 -58.97 -17.35 -59.50 -16.78 -60.02 -16.19 -60.54 -15.58 -61.06 -14.95 -61.58 -14.30 -62.09 -13.62 -62.60 -12.93 -63.11 -12.21 -63.61 -11.47 -64.11 -10.70 -64.61 -9.90 -65.10 -9.07 -65.13 -9.02</gml:posList>
                                </gml:LinearRing>
                            </gml:exterior>
                        </gml:Polygon>
                    </gml:surfaceMembers>
                </gml:MultiSurface>
            </gml:multiExtentOf>
        </eop:Footprint>
    </gml:target>
    <gml:resultOf>
        <eop:EarthObservationResult>
            <eop:browse>
                <eop:BrowseInformation>
                    <eop:type>THUMBNAIL</eop:type>
                    <eop:referenceSystemIdentifier codeSpace="EPSG" >epsg:4326</eop:referenceSystemIdentifier>
                    <eop:fileName>http://muiscx3.eo.esa.int:80/XG/XGI/EN1/20070101T005244571-20070101T005455431_T-XG0B.jpg</eop:fileName>
                </eop:BrowseInformation>
                <eop:BrowseInformation>
                    <eop:type>QUICKLOOK</eop:type>
                    <eop:referenceSystemIdentifier codeSpace="EPSG" >epsg:4326</eop:referenceSystemIdentifier>
                    <eop:fileName>http://muiscx3.eo.esa.int:80/XG/XGI/EN1/20070101T005244571-20070101T005455431_B-XG0B.jpg</eop:fileName>
                </eop:BrowseInformation>
            </eop:browse>
            <eop:product>
                <eop:ProductInformation>
                    <eop:fileName/>
                    <eop:version>4301</eop:version>
                </eop:ProductInformation>
            </eop:product>
        </eop:EarthObservationResult>
    </gml:resultOf>
</sar:EarthObservation>
