<?xml version='1.0' encoding='utf-8' ?>
<sar:EarthObservation xmlns:date="http://exslt.org/dates-and-times" 
                      xmlns:gml="http://www.opengis.net/gml" 
                      xmlns:fn="http://www.w3.org/2005/xpath-functions" 
                      xmlns:sar="http://earth.esa.int/sar" 
                      xmlns:eop="http://earth.esa.int/eop" 
                      xmlns:xsi="http://www.w3.org/2001/XMLSchema-instance" 
                      xmlns:xlink="http://www.w3.org/1999/xlink" 
                      xmlns:mmmc="http://earth.esa.int/XML/mmmc" 
                      version="1.2.1" >
    <gml:metaDataProperty>
        <eop:EarthObservationMetaData>
            <eop:identifier>urn:ogc:def:EOP:ESA.EECF.ENVISAT_ASA_GMI_1S:EN1-07010101263866-15472.XG0</eop:identifier>
            <eop:parentIdentifier>urn:ogc:def:EOP:ESA.EECF.ENVISAT_ASA_GMI_1S</eop:parentIdentifier>
            <eop:acquisitionType>NOMINAL</eop:acquisitionType>
            <eop:productType>ASA_GM1_1P</eop:productType>
            <eop:status>ACQUIRED</eop:status>
            <eop:downlinkedTo>
                <eop:DownlinkInformation>
                    <eop:acquisitionStation>FR</eop:acquisitionStation>
                    <eop:acquisitionDate>2007-01-01T01:26:38.664Z</eop:acquisitionDate>
                </eop:DownlinkInformation>
            </eop:downlinkedTo>
            <eop:archivedIn>
                <eop:ArchivingInformation>
                    <eop:archivingCenter>DP</eop:archivingCenter>
                    <eop:archivingDate>2007-01-01T01:28:33.392Z</eop:archivingDate>
                    <eop:archivingIdentifier codeSpace="urn:eop:EOP:stationCode" >ASA_GM1_1PNPDE20070101_012638_000001142054_00189_25293_5738.N1</eop:archivingIdentifier>
                </eop:ArchivingInformation>
            </eop:archivedIn>
            <eop:processing>
                <eop:ProcessingInformation>
                    <eop:processorVersion>ASAR/4.02</eop:processorVersion>
                </eop:ProcessingInformation>
            </eop:processing>
            <eop:vendorSpecific>
                <eop:SpecificInformation>
                    <eop:localAttribute>/metadata/mdContact/rpOrgName</eop:localAttribute>
                    <eop:localValue>PDCC</eop:localValue>
                </eop:SpecificInformation>
                <eop:SpecificInformation>
                    <eop:localAttribute>/metadata/mdContact/role</eop:localAttribute>
                    <eop:localValue>002</eop:localValue>
                </eop:SpecificInformation>
                <eop:SpecificInformation>
                    <eop:localAttribute>/metadata/mdDateSt</eop:localAttribute>
                    <eop:localValue>2009-02-23T10:12:42.000Z</eop:localValue>
                </eop:SpecificInformation>
                <eop:SpecificInformation>
                    <eop:localAttribute>/metadata/dataIdInfo/satDom/missionPhase</eop:localAttribute>
                    <eop:localValue>2</eop:localValue>
                </eop:SpecificInformation>
                <eop:SpecificInformation>
                    <eop:localAttribute>/metadata/dataIdInfo/satDom/wrs/track</eop:localAttribute>
                    <eop:localValue>189</eop:localValue>
                </eop:SpecificInformation>
                <eop:SpecificInformation>
                    <eop:localAttribute>/metadata/dataIdInfo/satDom/pol</eop:localAttribute>
                    <eop:localValue>HH</eop:localValue>
                </eop:SpecificInformation>
                <eop:SpecificInformation>
                    <eop:localAttribute>/metadata/dataIdInfo/geoRef/insGeoRef/posInf/coord/x</eop:localAttribute>
                    <eop:localValue>4793694</eop:localValue>
                </eop:SpecificInformation>
                <eop:SpecificInformation>
                    <eop:localAttribute>/metadata/dataIdInfo/geoRef/insGeoRef/posInf/coord/y</eop:localAttribute>
                    <eop:localValue>-5326026</eop:localValue>
                </eop:SpecificInformation>
                <eop:SpecificInformation>
                    <eop:localAttribute>/metadata/dataIdInfo/geoRef/insGeoRef/posInf/coord/z</eop:localAttribute>
                    <eop:localValue>0</eop:localValue>
                </eop:SpecificInformation>
                <eop:SpecificInformation>
                    <eop:localAttribute>/metadata/dataIdInfo/idCitation/resTitle</eop:localAttribute>
                    <eop:localValue>EN-070101012638-155.ASA_GM1_1P</eop:localValue>
                </eop:SpecificInformation>
                <eop:SpecificInformation>
                    <eop:localAttribute>/metadata/dataIdInfo/dataExt/geoEle/scLnPts</eop:localAttribute>
                    <eop:localValue>3</eop:localValue>
                </eop:SpecificInformation>
                <eop:SpecificInformation>
                    <eop:localAttribute>/metadata/dqInfo/dqScope/scpLvl</eop:localAttribute>
                    <eop:localValue>Dataset</eop:localValue>
                </eop:SpecificInformation>
                <eop:SpecificInformation>
                    <eop:localAttribute>/metadata/dqInfo/dataLineage/prcStep/stepDesc</eop:localAttribute>
                    <eop:localValue>N</eop:localValue>
                </eop:SpecificInformation>
                <eop:SpecificInformation>
                    <eop:localAttribute>/metadata/dqInfo/dataLineage/prcStep/stepDateTm</eop:localAttribute>
                    <eop:localValue>2007-01-01T02:19:05.000Z</eop:localValue>
                </eop:SpecificInformation>
                <eop:SpecificInformation>
                    <eop:localAttribute>/metadata/dqInfo/dataLineage/prcStep/stepProc/rpOrgName</eop:localAttribute>
                    <eop:localValue>ES</eop:localValue>
                </eop:SpecificInformation>
                <eop:SpecificInformation>
                    <eop:localAttribute>/metadata/dqInfo/dataLineage/prcStep/stepProc/role</eop:localAttribute>
                    <eop:localValue>009</eop:localValue>
                </eop:SpecificInformation>
                <eop:SpecificInformation>
                    <eop:localAttribute>/metadata/dqInfo/dataLineage/prcStep/procOptions/formProcOptions/optionName</eop:localAttribute>
                    <eop:localValue>AuxiliaryData</eop:localValue>
                </eop:SpecificInformation>
                <eop:SpecificInformation>
                    <eop:localAttribute>/metadata/dqInfo/dataLineage/prcStep/procOptions/formProcOptions/optionValue</eop:localAttribute>
                    <eop:localValue>ASA_CON_AXVIEC20061107_090002_20050916_195733_20071231_000000</eop:localValue>
                </eop:SpecificInformation>
                <eop:SpecificInformation>
                    <eop:localAttribute>/metadata/dqInfo/dataLineage/prcStep/algorithm</eop:localAttribute>
                    <eop:localValue>ASAR/4.02</eop:localValue>
                </eop:SpecificInformation>
            </eop:vendorSpecific>
        </eop:EarthObservationMetaData>
    </gml:metaDataProperty>
    <gml:validTime>
        <gml:TimePeriod>
            <gml:beginPosition>2007-01-01T01:26:38.664Z</gml:beginPosition>
            <gml:endPosition>2007-01-01T01:28:33.392Z</gml:endPosition>
        </gml:TimePeriod>
    </gml:validTime>
    <gml:using>
        <eop:EarthObservationEquipment>
            <eop:platform>
                <eop:Platform>
                    <eop:shortName>ENVISAT</eop:shortName>
                    <eop:serialIdentifier/>
                    <eop:orbitType>LEO</eop:orbitType>
                </eop:Platform>
            </eop:platform>
            <eop:instrument>
                <eop:Instrument>
                    <eop:shortName>ASAR/GM</eop:shortName>
                </eop:Instrument>
            </eop:instrument>
            <eop:sensor>
                <eop:Sensor>
                    <eop:sensorType>RADAR</eop:sensorType>
                    <eop:swathIdentifier>GM</eop:swathIdentifier>
                </eop:Sensor>
            </eop:sensor>
            <eop:acquisitionParameters>
                <sar:Acquisition>
                    <eop:orbitNumber>25293</eop:orbitNumber>
                    <eop:lastOrbitNumber>25293</eop:lastOrbitNumber>
                    <eop:wrsLongitudeGrid>189</eop:wrsLongitudeGrid>
                </sar:Acquisition>
            </eop:acquisitionParameters>
        </eop:EarthObservationEquipment>
    </gml:using>
    <gml:target>
        <eop:Footprint>
            <gml:multiExtentOf>
                <gml:MultiSurface srsName="EPSG:4326" >
                    <gml:surfaceMembers>
                        <gml:Polygon>
                            <gml:exterior>
                                <gml:LinearRing>
                                    <gml:posList>52.47 -53.45 52.13 -56.45 51.72 -59.40 51.85 -59.45 52.43 -59.68 53.01 -59.92 53.60 -60.16 54.18 -60.41 54.76 -60.67 55.34 -60.93 55.92 -61.19 56.50 -61.47 57.08 -61.75 57.66 -62.03 58.39 -62.41 58.84 -58.94 59.19 -55.39 58.45 -55.16 57.87 -54.98 57.28 -54.80 56.70 -54.63 56.11 -54.46 55.52 -54.29 54.94 -54.12 54.35 -53.96 53.77 -53.80 53.18 -53.64 52.59 -53.49 52.47 -53.45</gml:posList>
                                </gml:LinearRing>
                            </gml:exterior>
                        </gml:Polygon>
                    </gml:surfaceMembers>
                </gml:MultiSurface>
            </gml:multiExtentOf>
        </eop:Footprint>
    </gml:target>
    <gml:resultOf>
        <eop:EarthObservationResult>
            <eop:browse>
                <eop:BrowseInformation>
                    <eop:type>THUMBNAIL</eop:type>
                    <eop:referenceSystemIdentifier codeSpace="EPSG" >epsg:4326</eop:referenceSystemIdentifier>
                    <eop:fileName>http://muiscx3.eo.esa.int:80/XG/XGI/EN1/20070101T012638664-20070101T012833392_T-XG0B.jpg</eop:fileName>
                </eop:BrowseInformation>
                <eop:BrowseInformation>
                    <eop:type>QUICKLOOK</eop:type>
                    <eop:referenceSystemIdentifier codeSpace="EPSG" >epsg:4326</eop:referenceSystemIdentifier>
                    <eop:fileName>http://muiscx3.eo.esa.int:80/XG/XGI/EN1/20070101T012638664-20070101T012833392_B-XG0B.jpg</eop:fileName>
                </eop:BrowseInformation>
            </eop:browse>
            <eop:product>
                <eop:ProductInformation>
                    <eop:fileName/>
                    <eop:version>ASAR/4.02</eop:version>
                </eop:ProductInformation>
            </eop:product>
        </eop:EarthObservationResult>
    </gml:resultOf>
</sar:EarthObservation>
