<?xml version="1.0" encoding="UTF-8"?><service xmlns="http://pisa.intecs.it/mass/toolbox/serviceDescriptor" queuing="false" serviceName="TS_DE_05_01" serviceSchema="SSE_main_template.xsd" sslCertificate="" suspendMode="soft" version="2.1" wsdlTargetNS="http://myTargetNameSpace.it"><interface name="SSE" version="1.4"><rootSchemaFile>SSE_main_template.xsd</rootSchemaFile><schemaSetLocation>Schemas</schemaSetLocation><wsdlFile>wsdl/SSE_14.wsdl</wsdlFile><targetNameSpace>http://myTargetNameSpace.it</targetNameSpace><operations><operation SOAPAction="sendOrder" callbackSOAPAction="returnoRDERResult" name="Order" pollingRate="1m" requestTimeout="1h" type="asynchronous"><admittedHosts/><inputType namespace="http://myTargetNameSpace.it" type="sendOrderInput"/><outputType namespace="http://myTargetNameSpace.it" type="sendOrderOutput"/><callbackInputType namespace="http://myTargetNameSpace.it" type="returnOrderResultInput"/><callbackOutputType namespace="http://myTargetNameSpace.it" type="returnOrderResultOutput"/><scriptFile path="Operations/Order/first_script.tscript" type="FIRST_SCRIPT"/><scriptFile path="Operations/Order/globalError.tscript" type="GLOBAL_ERROR"/><scriptFile path="Operations/Order/.response_builder.tscript" type="RESP_BUILDER"/><scriptFile path="Operations/Order/.response_builder_error.tscript" type="ERROR_ON_RESP_BUILDER"/><scriptFile path="Operations/Order/second_script.tscript" type="SECOND_SCRIPT"/><scriptFile path="Operations/Order/third_script.tscript" type="THIRD_SCRIPT"/></operation></operations></interface></service>