<?xml version="1.0" encoding="UTF-8"?><service xmlns="http://pisa.intecs.it/mass/toolbox/serviceDescriptor" queuing="false" serviceName="TS_DE_05_01" sslCertificate="" suspendMode="soft" version="2.2" wssecurity="false"><interface mode="" name="SSE" schemaValidation="true" type="Standard" version="1.4"><rootSchemaFile>SSE_main_template.xsd</rootSchemaFile><schemaSetLocation>Schemas</schemaSetLocation><wsdlFile>wsdl/SSE_14.wsdl</wsdlFile><targetNameSpace>http://www.myNameSpace.it</targetNameSpace><operations><operation SOAPAction="sendOrder" callbackSOAPAction="returnoRDERResult" name="Order" pollingRate="1m" requestTimeout="1h" type="asynchronous"><admittedHosts/><inputType namespace="http://www.myNameSpace.it" type="sendOrderInput"/><outputType namespace="http://www.myNameSpace.it" type="sendOrderOutput"/><callbackInputType namespace="http://www.myNameSpace.it" type="returnOrderResultInput"/><callbackOutputType namespace="http://www.myNameSpace.it" type="returnOrderResultOutput"/><scriptFile overrideByUser="false" path="Operations/Order/first_script.tscript" type="FIRST_SCRIPT"/><scriptFile overrideByUser="false" path="Operations/Order/globalError.tscript" type="GLOBAL_ERROR"/><scriptFile overrideByUser="false" path="Operations/Order/.response_builder.tscript" type="RESP_BUILDER"/><scriptFile overrideByUser="false" path="Operations/Order/.response_builder_error.tscript" type="ERROR_ON_RESP_BUILDER"/><scriptFile overrideByUser="false" path="Operations/Order/second_script.tscript" type="SECOND_SCRIPT"/><scriptFile overrideByUser="false" path="Operations/Order/third_script.tscript" type="THIRD_SCRIPT"/></operation></operations><variables/><admittedHosts/></interface></service>