<?xml version="1.0" encoding="UTF-8"?><ProcessDescription xmlns:wps="http://www.opengis.net/wps/1.0.0" statusSupported="false" storeSupported="true" wps:processVersion="0.1">
		<ows:Identifier xmlns:ows="http://www.opengis.net/ows/1.1">RasterClipPolygon</ows:Identifier>
		<ows:Title xmlns:ows="http://www.opengis.net/ows/1.1">Clips raster to a polygon</ows:Title>
		<ows:Abstract xmlns:ows="http://www.opengis.net/ows/1.1">Clips a raster (coverage file) to a polygon and stores the resulting raster</ows:Abstract>
		<ows:Metadata xmlns:ows="http://www.opengis.net/ows/1.1" xmlns:xlink="http://www.w3.org/1999/xlink" xlink:title="raster"/>
		<ows:Metadata xmlns:ows="http://www.opengis.net/ows/1.1" xmlns:xlink="http://www.w3.org/1999/xlink" xlink:title="clipping"/>
		<ows:Metadata xmlns:ows="http://www.opengis.net/ows/1.1" xmlns:xlink="http://www.w3.org/1999/xlink" xlink:title="clip"/>
		<ows:Metadata xmlns:ows="http://www.opengis.net/ows/1.1" xmlns:xlink="http://www.w3.org/1999/xlink" xlink:title="polygon"/>
		<wps:Profile>OGC:WPS:RasterClipPolygon</wps:Profile>
		<DataInputs>
			<Input maxOccurs="1" minOccurs="1">
				<ows:Identifier xmlns:ows="http://www.opengis.net/ows/1.1">InputRaster</ows:Identifier>
				<ows:Title xmlns:ows="http://www.opengis.net/ows/1.1">Input raster file</ows:Title>
				<ows:Abstract xmlns:ows="http://www.opengis.net/ows/1.1">Input raster file</ows:Abstract>
				<ComplexData maximumMegabytes="50">
					<Default>
						<Format>
							<MimeType>image/tiff</MimeType>
						</Format>
					</Default>
					<Supported>
						<Format>
							<MimeType>image/tiff</MimeType>
						</Format>
						<Format>
							<MimeType>application/x-netcdf3</MimeType>
						</Format>
						<Format>
							<MimeType>application/x-netcdf4</MimeType>
						</Format>						
						<Format>
							<MimeType>application/x-hdf</MimeType>
						</Format>
					</Supported>
				</ComplexData>
			</Input>
			<Input maxOccurs="1" minOccurs="1">
				<ows:Identifier xmlns:ows="http://www.opengis.net/ows/1.1">InputPolygon</ows:Identifier>
				<ows:Title xmlns:ows="http://www.opengis.net/ows/1.1">Input polygon</ows:Title>
				<ows:Abstract xmlns:ows="http://www.opengis.net/ows/1.1">
					The input polygon
					If the input polygon is a shapefile, this shapefile should be zipped
				</ows:Abstract>
				<ComplexData maximumMegabytes="50">
					<Default>
						<Format>
							<MimeType>application/xml</MimeType>
						</Format>
					</Default>
					<Supported>
						<Format>
							<MimeType>application/x-esri-shapefile</MimeType>
						</Format>
						<Format>
							<MimeType>application/xml</MimeType>
						</Format>
					</Supported>
				</ComplexData>
			</Input>
			<Input maxOccurs="1" minOccurs="0">
				<ows:Identifier xmlns:ows="http://www.opengis.net/ows/1.1">CRS</ows:Identifier>
				<ows:Title xmlns:ows="http://www.opengis.net/ows/1.1">CRS</ows:Title>
				<ows:Abstract xmlns:ows="http://www.opengis.net/ows/1.1">The CRS of the output raster file (the original CRS of the raster file will be overridden)</ows:Abstract>
				<LiteralData>
					<ows:DataType xmlns:ows="http://www.opengis.net/ows/1.1" ows:reference="http://www.w3.org/TR/xmlschema-2/#string">string</ows:DataType>
					<ows:AnyValue xmlns:ows="http://www.opengis.net/ows/1.1"/>
				</LiteralData>
			</Input>
		</DataInputs>
		<ProcessOutputs>
			<Output>
				<ows:Identifier xmlns:ows="http://www.opengis.net/ows/1.1">OutputRaster</ows:Identifier>
				<ows:Title xmlns:ows="http://www.opengis.net/ows/1.1">Output raster file</ows:Title>
				<ows:Abstract xmlns:ows="http://www.opengis.net/ows/1.1">Output raster file</ows:Abstract>
				<ComplexOutput>
					<Default>
						<Format>
							<MimeType>image/tiff</MimeType>
						</Format>
					</Default>
					<Supported>
						<Format>
							<MimeType>image/tiff</MimeType>
						</Format>
						<Format>
							<MimeType>application/x-netcdf</MimeType>
						</Format>
						<Format>
							<MimeType>application/x-hdf</MimeType>
						</Format>
						<Format>
							<MimeType>image/png</MimeType>
						</Format>
						<Format>
							<MimeType>image/jpeg</MimeType>
						</Format>
						<Format>
							<MimeType>image/gif</MimeType>
						</Format>
					</Supported>
				</ComplexOutput>
			</Output>
		</ProcessOutputs>
	</ProcessDescription>