<?xml version="1.0" encoding="UTF-8"?>
<service xmlns="http://pisa.intecs.it/mass/toolbox/serviceDescriptor"
	queuing="false" serviceName="TS_16_01" sslCertificate=""
	suspendMode="soft" version="2.2" wssecurity="false">
	<interface mode="UserDefined" name="" schemaValidation="true" type="UserDefined"
		version="">
		<rootSchemaFile>test.xsd</rootSchemaFile>
		<schemaSetLocation>Schemas</schemaSetLocation>
		<wsdlFile />
		<targetNameSpace>http://intecs/test</targetNameSpace>
		<operations />
		<variables />
		<admittedHosts />
	</interface>
</service>