<?xml version="1.0" encoding="UTF-8"?><service xmlns="http://pisa.intecs.it/mass/toolbox/serviceDescriptor" xmlns:sd="http://pisa.intecs.it/mass/toolbox/serviceDescriptor" xmlns:ed="http://pisa.intecs.it/mass/toolbox/exportDescriptor" xmlns:fo="http://www.w3.org/1999/XSL/Format" queuing="false" serviceName="S10" serviceSchema="" sslCertificate="" suspendMode="soft" version="2.0" wsdlTargetNS=""><interface version="" name=""><rootSchemaFile/><schemaSetLocation>Schemas</schemaSetLocation><wsdlFile/><targetNameSpace/><operations><operation SOAPAction="sendRFQ" name="RFQ" type="asynchronous" callbackSOAPAction="returnRFQResult" pollingRate="5s" requestTimeout="5m" retryAttempts="" retryRate=""><inputType namespace="http://www.esa.int/mass" type="sendRFQInputMsg"/><outputType namespace="http://www.esa.int/mass" type="sendRFQOutputMsg"/><callbackInputType namespace="http://www.esa.int/mass" type="returnRFQResultInputMsg"/><callbackOutputType namespace="http://www.esa.int/mass" type="returnRFQResultOutputMsg"/><admittedHosts xmlns:com="http://pisa.intecs.it/mass/toolbox/common" xmlns:dsc="http://pisa.intecs.it/mass/toolbox/serviceDescriptor" xmlns:mtbs="http://pisa.intecs.it/mass/toolbox/xmlScript"/><scriptFile path="Operations/RFQ/script_1.tscript" type="FIRST_SCRIPT"/><scriptFile path="Operations/RFQ/script_2.tscript" type="SECOND_SCRIPT"/><scriptFile path="Operations/RFQ/script_3.tscript" type="THIRD_SCRIPT"/></operation></operations></interface></service>