<?xml version="1.0" encoding="UTF-8"?><service xmlns="http://pisa.intecs.it/mass/toolbox/serviceDescriptor" queuing="false" serviceName="WPSArchiving" sslCertificate="" suspendMode="soft" version="2.2" wssecurity="false"><interface mode="StandAlone" name="OGC-05-007r7" schemaValidation="true" type="Archiving" version="1.0.0"><rootSchemaFile>WPSSoapAll.xsd</rootSchemaFile><schemaSetLocation>Schemas</schemaSetLocation><wsdlFile/><targetNameSpace>http://toolbox.pisa.intecs.it/soap/WPS/WPSsoap</targetNameSpace><operations><operation SOAPAction="ExecuteProcess_delete" name="ExecuteProcess_delete" requestTimeout="1h" type="synchronous"><admittedHosts/><inputType namespace="http://toolbox.pisa.intecs.it/soap/WPS/WPSsoap" type="ExecuteProcess_delete"/><outputType namespace="http://www.opengis.net/wps/1.0.0" type="ExecuteResponse"/><scriptFile overrideByUser="false" path="Operations/ExecuteProcess_delete/firstScript.tscript" type="FIRST_SCRIPT"/><scriptFile overrideByUser="false" path="Operations/ExecuteProcess_delete/globalError.tscript" type="GLOBAL_ERROR"/></operation><operation SOAPAction="ExecuteProcess_store" name="ExecuteProcess_store" requestTimeout="1h" type="synchronous"><admittedHosts/><inputType namespace="http://toolbox.pisa.intecs.it/soap/WPS/WPSsoap" type="ExecuteProcess_store"/><outputType namespace="http://www.opengis.net/wps/1.0.0" type="ExecuteResponse"/><scriptFile overrideByUser="false" path="Operations/ExecuteProcess_store/firstScript.tscript" type="FIRST_SCRIPT"/><scriptFile overrideByUser="false" path="Operations/ExecuteProcess_store/globalError.tscript" type="GLOBAL_ERROR"/></operation><operation SOAPAction="ExecuteProcess_retrieve" name="ExecuteProcess_retrieve" requestTimeout="1h" type="synchronous"><admittedHosts/><inputType namespace="http://toolbox.pisa.intecs.it/soap/WPS/WPSsoap" type="ExecuteProcess_retrieve"/><outputType namespace="http://www.opengis.net/wps/1.0.0" type="ExecuteResponse"/><scriptFile overrideByUser="false" path="Operations/ExecuteProcess_retrieve/firstScript.tscript" type="FIRST_SCRIPT"/><scriptFile overrideByUser="false" path="Operations/ExecuteProcess_retrieve/globalError.tscript" type="GLOBAL_ERROR"/></operation><operation SOAPAction="DescribeProcess" name="DescribeProcess" requestTimeout="1h" type="synchronous"><admittedHosts/><inputType namespace="http://www.opengis.net/wps/1.0.0" type="DescribeProcess"/><outputType namespace="http://www.opengis.net/wps/1.0.0" type="ProcessDescriptions"/><scriptFile overrideByUser="false" path="Operations/DescribeProcess/script.tscript" type="FIRST_SCRIPT"/><scriptFile overrideByUser="false" path="Operations/DescribeProcess/globalError.tscript" type="GLOBAL_ERROR"/></operation><operation SOAPAction="GetCapabilities" name="GetCapabilities" requestTimeout="1h" type="synchronous"><admittedHosts/><inputType namespace="http://www.opengis.net/wps/1.0.0" type="GetCapabilities"/><outputType namespace="http://www.opengis.net/wps/1.0.0" type="Capabilities"/><scriptFile overrideByUser="false" path="Operations/GetCapabilities/script.tscript" type="FIRST_SCRIPT"/><scriptFile overrideByUser="false" path="Operations/GetCapabilities/globalError.tscript" type="GLOBAL_ERROR"/></operation></operations><variables><variable displayedText="Allow publishing data via WMS,WFS and WCS" name="allowGeoserver" type="boolean" value="true"/><variable displayedText="Allow publishing data via FTP" name="allowFTP" type="boolean" value="true"/><variable displayedText="Url of the Geoserver instance" name="geoServerUrl" type="string" value="http://192.168.31.5:8023/geoserver"/><variable displayedText="Url of the catalogue instance" name="catalogueUrl" type="string" value="http://192.168.31.21:8080/ergorrcim/webservice"/><variable displayedText="Allow publishing data via HTTP" name="allowHTTP" type="boolean" value="true"/><variable displayedText="Url of the archiving server" name="archivingUrl" type="string" value="http://192.168.31.21:8080/ArchivingServer"/></variables><admittedHosts/></interface></service>