<?xml version="1.0" encoding="UTF-8"?><ProcessDescription xmlns:wps="http://www.opengis.net/wps/1.0.0" statusSupported="true" storeSupported="true" wps:processVersion="0.1">
    <ows:Identifier xmlns:ows="http://www.opengis.net/ows/1.1">delete</ows:Identifier>
    <ows:Title xmlns:ows="http://www.opengis.net/ows/1.1">Deletes a data</ows:Title>
    <ows:Abstract xmlns:ows="http://www.opengis.net/ows/1.1">TODO</ows:Abstract>
    <ows:Metadata xmlns:ows="http://www.opengis.net/ows/1.1" xmlns:xlink="http://www.w3.org/1999/xlink" xlink:title="store"/>
    <ows:Metadata xmlns:ows="http://www.opengis.net/ows/1.1" xmlns:xlink="http://www.w3.org/1999/xlink" xlink:title="data"/>
    <ows:Metadata xmlns:ows="http://www.opengis.net/ows/1.1" xmlns:xlink="http://www.w3.org/1999/xlink" xlink:title="metadata"/>
    <wps:Profile>OGC:WPS:DataArchiving</wps:Profile>
    <DataInputs>
      
      <Input maxOccurs="1" minOccurs="1">
	<ows:Identifier xmlns:ows="http://www.opengis.net/ows/1.1">Identifier</ows:Identifier>
	<ows:Title xmlns:ows="http://www.opengis.net/ows/1.1">Transaction identifier</ows:Title>
	<ows:Abstract xmlns:ows="http://www.opengis.net/ows/1.1">This field contains the transaction identifier returned by the store processing.</ows:Abstract>
	<LiteralData>
		<ows:DataType xmlns:ows="http://www.opengis.net/ows/1.1" ows:reference="http://www.w3.org/TR/xmlschema-2/#string">string</ows:DataType>
		<ows:AnyValue xmlns:ows="http://www.opengis.net/ows/1.1"/>			
	</LiteralData>
	</Input>
    </DataInputs>
    <ProcessOutputs>
      <Output>
        <ows:Identifier xmlns:ows="http://www.opengis.net/ows/1.1">Status</ows:Identifier>
        <ows:Title xmlns:ows="http://www.opengis.net/ows/1.1">Status of the execution</ows:Title>
        <ows:Abstract xmlns:ows="http://www.opengis.net/ows/1.1">This field contains the status of the execution of the delete processing.</ows:Abstract>
        <LiteralOutput>
          <ows:DataType xmlns:ows="http://www.opengis.net/ows/1.1" ows:reference="http://www.w3.org/TR/xmlschema-2/#string">string</ows:DataType>
        </LiteralOutput>
      </Output>
    </ProcessOutputs>
  </ProcessDescription>