<?xml version="1.0" encoding="UTF-8"?><service xmlns="http://pisa.intecs.it/mass/toolbox/serviceDescriptor" queuing="false" serviceName="SSE_stylesheet" serviceSchema="SSE_main_template.xsd" sslCertificate="" suspendMode="soft" version="2.1" wsdlTargetNS="http://www.mycompanyname.com/ws/mynamespace"><interface name="SSE" version="1.6"><rootSchemaFile>SSE_main_template.xsd</rootSchemaFile><schemaSetLocation>Schemas</schemaSetLocation><wsdlFile>wsdl\SSE_16.wsdl</wsdlFile><targetNameSpace>http://www.mycompanyname.com/ws/mynamespace</targetNameSpace><operations><operation SOAPAction="sendRFQ" callbackSOAPAction="returnRFQResult" name="RFQ" pollingRate="1m" requestTimeout="1h" type="asynchronous"><admittedHosts/><inputType namespace="http://www.mycompanyname.com/ws/mynamespace" type="sendRFQRequestMsg"/><outputType namespace="http://www.mycompanyname.com/ws/mynamespace" type="sendRFQResponseMsg"/><callbackInputType namespace="http://www.mycompanyname.com/ws/mynamespace" type="returnRFQResultRequestMsg"/><callbackOutputType namespace="http://www.mycompanyname.com/ws/mynamespace" type="returnRFQResultResponseMsg"/><scriptFile path="Operations/RFQ/first_script.tscript" type="FIRST_SCRIPT"/><scriptFile path="Operations/RFQ/globalError.tscript" type="GLOBAL_ERROR"/><scriptFile path="Operations/RFQ/.response_builder.tscript" type="RESP_BUILDER"/><scriptFile path="Operations/RFQ/.response_builder_error.tscript" type="ERROR_ON_RESP_BUILDER"/><scriptFile path="Operations/RFQ/second_script.tscript" type="SECOND_SCRIPT"/><scriptFile path="Operations/RFQ/third_script.tscript" type="THIRD_SCRIPT"/></operation></operations></interface></service>