<?xml version="1.0" encoding="UTF-8"?>
<sendRFQInputMsg xmlns="http://www.esa.int/mass" xmlns:aoi="http://www.esa.int/xml/schemas/mass/aoifeatures" 
xmlns:mass="http://www.esa.int/mass" xmlns:oi="http://www.esa.int/oi" xmlns:xsi="http://www.w3.org/2001/XMLSchema-instance">
	<mass:commonInput>
		<mass:orderId>100</mass:orderId>
	</mass:commonInput>
	<sendRFQInput>
		<userId>mass</userId>
		<date>2001-07-21</date>
		<instrument>VGT1</instrument>
		<format>Radio</format>
	</sendRFQInput>
</sendRFQInputMsg>
