<?xml version="1.0" encoding="UTF-8"?><service xmlns="http://pisa.intecs.it/mass/toolbox/serviceDescriptor" queuing="false" serviceName="TS_30_02" sslCertificate="" suspendMode="soft" version="2.2" wssecurity="false"><interface mode="" name="EOLI" schemaValidation="true" type="Standard" version="2.6"><rootSchemaFile>eoli.xsd</rootSchemaFile><schemaSetLocation>Schemas</schemaSetLocation><wsdlFile>wsdl/EOLI_26wsdl</wsdlFile><targetNameSpace>http://earth.esa.int/XML/eoli</targetNameSpace><operations><operation SOAPAction="http://earth.esa.int/SOAP/searchRequest" name="EOLI_Search" requestTimeout="1h" type="synchronous"><admittedHosts/><inputType namespace="http://earth.esa.int/XML/eoli" type="searchRequest"/><outputType namespace="http://earth.esa.int/XML/eoli" type="response"/><scriptFile overrideByUser="false" path="Operations/EOLI_Search/search.tscript" type="FIRST_SCRIPT"/><scriptFile overrideByUser="false" path="Operations/EOLI_Search/.globalError.tscript" type="GLOBAL_ERROR"/></operation></operations><variables/><admittedHosts/></interface></service>