<?xml version="1.0" encoding="UTF-8"?>
<processRFQOutputMsg xmlns="http://www.gim.com/ws/sugres" xmlns:aoi="http://www.esa.int/xml/schemas/mass/aoifeatures" 
xmlns:mass="http://www.esa.int/mass" xmlns:oi="http://www.esa.int/oi" xmlns:xsi="http://www.w3.org/2001/XMLSchema-instance">
	<getRFQOutput>
		<mass:statusInfo>
			<mass:statusId>0</mass:statusId>
			<mass:statusMsg>String</mass:statusMsg>
		</mass:statusInfo>
		<rfqOutput>
			<mass:id>10</mass:id>
			<mass:price>
				<oi:refCurrency>EUR</oi:refCurrency>
				<oi:refAmount>3</oi:refAmount>
			</mass:price>
			<area>0.0700</area>
			<validityPeriod>April 13, 2006 5:23:07 PM CEST</validityPeriod>
		</rfqOutput>
		<rfqOutput>
			<mass:id>20</mass:id>
			<mass:price>
				<oi:refCurrency>EUR</oi:refCurrency>
				<oi:refAmount>4</oi:refAmount>
			</mass:price>
			<area>0.0749</area>
			<validityPeriod>April 14, 2006 5:23:07 PM CEST</validityPeriod>
		</rfqOutput>
		<mass:viewFileResult>
			<mass:fileURL>http://pisa007.pisa.intecs.it/sugressim.gml</mass:fileURL>
			<mass:fileType>GML</mass:fileType>
		</mass:viewFileResult>
	</getRFQOutput>
</processRFQOutputMsg>
