<?xml version="1.0" encoding="UTF-8"?><ProcessDescription xmlns:wps="http://www.opengis.net/wps/1.0.0" statusSupported="false" storeSupported="true" wps:processVersion="0.1">
		<ows:Identifier xmlns:ows="http://www.opengis.net/ows/1.1">VectorSelection</ows:Identifier>
		<ows:Title xmlns:ows="http://www.opengis.net/ows/1.1">Selects features from a vector file (InputVector1) that overlap with features from another vector file (InputVector2)</ows:Title>
		<ows:Abstract xmlns:ows="http://www.opengis.net/ows/1.1">Selects features from a vector file (InputVector1) that overlap with features from another vector file (InputVector2) and stores the resulting vector file.</ows:Abstract>
		<ows:Metadata xmlns:ows="http://www.opengis.net/ows/1.1" xmlns:xlink="http://www.w3.org/1999/xlink" xlink:title="vector"/>
		<ows:Metadata xmlns:ows="http://www.opengis.net/ows/1.1" xmlns:xlink="http://www.w3.org/1999/xlink" xlink:title="selection"/>
		<wps:Profile>OGC:WPS:VectorSelection</wps:Profile>
		<DataInputs>
			<Input maxOccurs="1" minOccurs="1">
				<ows:Identifier xmlns:ows="http://www.opengis.net/ows/1.1">InputVector1</ows:Identifier>
				<ows:Title xmlns:ows="http://www.opengis.net/ows/1.1">The input vector file where the selection will occur upon</ows:Title>
				<ows:Abstract xmlns:ows="http://www.opengis.net/ows/1.1">
					The input vector file where the selection will occur upon
					If the input vector file is a ESRI Shapefile, it should be zipped!
				</ows:Abstract>
				<ComplexData maximumMegabytes="50">
					<Default>
						<Format>
							<MimeType>application/x-esri-shapefile</MimeType>
						</Format>
					</Default>
					<Supported>
						<Format>
							<MimeType>application/x-esri-shapefile</MimeType>
						</Format>
						<Format>
							<MimeType>application/x-mapinfo-mif-mid</MimeType>
						</Format>
						<Format>
							<MimeType>image/vdn.dgn</MimeType>
						</Format>
						<Format>
							<MimeType>text/csv</MimeType>
						</Format>
						<Format>
							<MimeType>application/xml</MimeType>
						</Format>
						<Format>
							<MimeType>application/vnd.google-earth.kml+xml</MimeType>
						</Format>
					</Supported>
				</ComplexData>
			</Input>
			<Input maxOccurs="1" minOccurs="1">
				<ows:Identifier xmlns:ows="http://www.opengis.net/ows/1.1">InputVector2</ows:Identifier>
				<ows:Title xmlns:ows="http://www.opengis.net/ows/1.1">The vector file that will be used to overlap InputVector1</ows:Title>
				<ows:Abstract xmlns:ows="http://www.opengis.net/ows/1.1">
					The vector file that will be used to overlap InputVector1
					If the input vector file is a ESRI Shapefile, it should be zipped!
				</ows:Abstract>
				<ComplexData maximumMegabytes="50">
					<Default>
						<Format>
							<MimeType>application/x-esri-shapefile</MimeType>
						</Format>
					</Default>
					<Supported>
						<Format>
							<MimeType>application/x-esri-shapefile</MimeType>
						</Format>
						<Format>
							<MimeType>application/x-mapinfo-mif-mid</MimeType>
						</Format>
						<Format>
							<MimeType>image/vdn.dgn</MimeType>
						</Format>
						<Format>
							<MimeType>text/csv</MimeType>
						</Format>
						<Format>
							<MimeType>application/xml</MimeType>
						</Format>
						<Format>
							<MimeType>application/vnd.google-earth.kml+xml</MimeType>
						</Format>
					</Supported>
				</ComplexData>
			</Input>
			<Input maxOccurs="7" minOccurs="0">
				<ows:Identifier xmlns:ows="http://www.opengis.net/ows/1.1">OutputType</ows:Identifier>
				<ows:Title xmlns:ows="http://www.opengis.net/ows/1.1">Feature types to export</ows:Title>
				<ows:Abstract xmlns:ows="http://www.opengis.net/ows/1.1">
					Feature types to export.
					Note: A combination of types is not supported by all formats.
					Default: line, boundary
				</ows:Abstract>
				<LiteralData>
					<ows:AllowedValues xmlns:ows="http://www.opengis.net/ows/1.1">
						<ows:Value>point</ows:Value>
						<ows:Value>kernel</ows:Value>
						<ows:Value>centroid</ows:Value>
						<ows:Value>line</ows:Value>
						<ows:Value>boundary</ows:Value>
						<ows:Value>area</ows:Value>
						<ows:Value>face</ows:Value>
					</ows:AllowedValues>
				</LiteralData>
			</Input>
		</DataInputs>
		<ProcessOutputs>
			<Output>
				<ows:Identifier xmlns:ows="http://www.opengis.net/ows/1.1">OutputVector</ows:Identifier>
				<ows:Title xmlns:ows="http://www.opengis.net/ows/1.1">Output vector file</ows:Title>
				<ows:Abstract xmlns:ows="http://www.opengis.net/ows/1.1">A ZIP file will be returned, containing the vector file in the requested file format</ows:Abstract>
				<ComplexOutput>
					<Default>
						<Format>
							<MimeType>application/x-esri-shapefile</MimeType>
						</Format>
					</Default>
					<Supported>
						<Format>
							<MimeType>application/x-esri-shapefile</MimeType>
						</Format>
						<Format>
							<MimeType>application/x-mapinfo-mif-mid</MimeType>
						</Format>
						<Format>
							<MimeType>text/csv</MimeType>
						</Format>
						<Format>
							<MimeType>application/xml</MimeType>
						</Format>
						<Format>
							<MimeType>application/gpx+xml</MimeType>
						</Format>
						<Format>
							<MimeType>application/vnd.google-earth.kml+xml</MimeType>
						</Format>
					</Supported>
				</ComplexOutput>
			</Output>
		</ProcessOutputs>
	</ProcessDescription>