<?xml version="1.0" encoding="UTF-8"?><ProcessDescription xmlns:wps="http://www.opengis.net/wps/1.0.0" statusSupported="false" storeSupported="true" wps:processVersion="0.1">
		<ows:Identifier xmlns:ows="http://www.opengis.net/ows/1.1">VectorGeneralization</ows:Identifier>
		<ows:Title xmlns:ows="http://www.opengis.net/ows/1.1">Generalize a vector</ows:Title>
		<ows:Abstract xmlns:ows="http://www.opengis.net/ows/1.1">Generalization or vector weeding is the process in which the complexity of vector data sets is reduced by reducing the number of vertices</ows:Abstract>
		<ows:Metadata xmlns:ows="http://www.opengis.net/ows/1.1" xmlns:xlink="http://www.w3.org/1999/xlink" xlink:title="vector"/>
		<ows:Metadata xmlns:ows="http://www.opengis.net/ows/1.1" xmlns:xlink="http://www.w3.org/1999/xlink" xlink:title="generalization"/>
		<ows:Metadata xmlns:ows="http://www.opengis.net/ows/1.1" xmlns:xlink="http://www.w3.org/1999/xlink" xlink:title="generalizasion"/>
		<wps:Profile>OGC:WPS:VectorGeneralization</wps:Profile>
		<DataInputs>
			<Input maxOccurs="1" minOccurs="1">
				<ows:Identifier xmlns:ows="http://www.opengis.net/ows/1.1">InputVector</ows:Identifier>
				<ows:Title xmlns:ows="http://www.opengis.net/ows/1.1">Input vector file</ows:Title>
				<ows:Abstract xmlns:ows="http://www.opengis.net/ows/1.1">
					Input vector file
					The input vector file should be zipped!
				</ows:Abstract>
				<ComplexData maximumMegabytes="50">
					<Default>
						<Format>
							<MimeType>application/x-esri-shapefile</MimeType>
						</Format>
					</Default>
					<Supported>
						<Format>
							<MimeType>application/x-esri-shapefile</MimeType>
						</Format>
						<Format>
							<MimeType>application/x-mapinfo-mif-mid</MimeType>
						</Format>
						<Format>
							<MimeType>image/vdn.dgn</MimeType>
						</Format>
						<Format>
							<MimeType>text/csv</MimeType>
						</Format>
						<Format>
							<MimeType>application/xml</MimeType>
						</Format>
						<Format>
							<MimeType>application/vnd.google-earth.kml+xml</MimeType>
						</Format>
					</Supported>
				</ComplexData>
			</Input>
			<Input maxOccurs="1" minOccurs="1">
				<ows:Identifier xmlns:ows="http://www.opengis.net/ows/1.1">Method</ows:Identifier>
				<ows:Title xmlns:ows="http://www.opengis.net/ows/1.1">The generalization algorithm to use</ows:Title>
				<ows:Abstract xmlns:ows="http://www.opengis.net/ows/1.1">
					The generalization algorithm to use
					   douglas: Douglas-Peucker Algorithm
						douglas_reduction: Douglas-Peucker Algorithm with reduction parameter
						lang: Lang Simplification Algorithm
						reduction: Vertex Reduction Algorithm: removes the points of a line which are closer to each other than threshold
						reumann: Reumann-Witkam Algorithm
						remove_small: removes the lines (strictly) shorter than threshold and areas of area (strictly)less than threshold, other lines/areas/boundaries are left unchanged
				</ows:Abstract>
				<LiteralData>
					<ows:AllowedValues xmlns:ows="http://www.opengis.net/ows/1.1">
						<ows:Value>douglas</ows:Value>
						<ows:Value>douglas_reduction</ows:Value>
						<ows:Value>lang</ows:Value>
						<ows:Value>reduction</ows:Value>
						<ows:Value>reumann</ows:Value>
						<ows:Value>remove_small</ows:Value>
					</ows:AllowedValues>
				</LiteralData>
			</Input>
			<Input maxOccurs="1" minOccurs="0">
				<ows:Identifier xmlns:ows="http://www.opengis.net/ows/1.1">Threshold</ows:Identifier>
				<ows:Title xmlns:ows="http://www.opengis.net/ows/1.1">Maximal tolerance value</ows:Title>
				<ows:Abstract xmlns:ows="http://www.opengis.net/ows/1.1">
						Maximal tolerance value
						In general, the degree of simplification increases with the increasing value of threshold
						Options: 0-1000000000
						Default: 1.0
    				</ows:Abstract>
				<LiteralData>
					<ows:DataType xmlns:ows="http://www.opengis.net/ows/1.1" ows:reference="http://www.w3.org/TR/xmlschema-2/#float">float</ows:DataType>
					<ows:AllowedValues xmlns:ows="http://www.opengis.net/ows/1.1">
					<ows:Range>
						<ows:MinimumValue>0</ows:MinimumValue>
						<ows:MaximumValue>1000000000</ows:MaximumValue>
					</ows:Range>
					</ows:AllowedValues>
				</LiteralData>
			</Input>
			<Input maxOccurs="1" minOccurs="0">
				<ows:Identifier xmlns:ows="http://www.opengis.net/ows/1.1">PercentageVerticesInOutput</ows:Identifier>
				<ows:Title xmlns:ows="http://www.opengis.net/ows/1.1">Percentage of the points in the output of 'douglas_reduction' algorithm</ows:Title>
				<ows:Abstract xmlns:ows="http://www.opengis.net/ows/1.1">
					Percentage of the points in the output of 'douglas_reduction' algorithm
					The default is 50
					This parameter is ignored if the chosen method is not 'douglas_reduction'
				</ows:Abstract>
				<LiteralData>
					<ows:DataType xmlns:ows="http://www.opengis.net/ows/1.1" ows:reference="http://www.w3.org/TR/xmlschema-2/#positiveInteger">positiveInteger</ows:DataType>
					<ows:AllowedValues xmlns:ows="http://www.opengis.net/ows/1.1">
					<ows:Range>
						<ows:MinimumValue>1</ows:MinimumValue>
						<ows:MaximumValue>99</ows:MaximumValue>
					</ows:Range>
					</ows:AllowedValues>
				</LiteralData>
			</Input>
			<Input maxOccurs="1" minOccurs="0">
				<ows:Identifier xmlns:ows="http://www.opengis.net/ows/1.1">LookAhead</ows:Identifier>
				<ows:Title xmlns:ows="http://www.opengis.net/ows/1.1">Maximal tolerance value</ows:Title>
				<ows:Abstract xmlns:ows="http://www.opengis.net/ows/1.1">
                  Look-ahead parameter used in the Lang Algorithm
                  The default is 7
                  This parameter is ignored if the chosen method is not 'lang'
    				</ows:Abstract>
				<LiteralData>
					<ows:DataType xmlns:ows="http://www.opengis.net/ows/1.1" ows:reference="http://www.w3.org/TR/xmlschema-2/#positiveInteger">positiveInteger</ows:DataType>
					<ows:AllowedValues xmlns:ows="http://www.opengis.net/ows/1.1">
					<ows:Range>
						<ows:MinimumValue>1</ows:MinimumValue>
						<ows:MaximumValue>99</ows:MaximumValue>
					</ows:Range>
					</ows:AllowedValues>
				</LiteralData>
			</Input>
			<Input maxOccurs="7" minOccurs="0">
				<ows:Identifier xmlns:ows="http://www.opengis.net/ows/1.1">OutputType</ows:Identifier>
				<ows:Title xmlns:ows="http://www.opengis.net/ows/1.1">Feature types to export</ows:Title>
				<ows:Abstract xmlns:ows="http://www.opengis.net/ows/1.1">
					Feature types to export.
					Note: A combination of types is not supported by all formats.
					Default: line, boundary
				</ows:Abstract>
				<LiteralData>
					<ows:AllowedValues xmlns:ows="http://www.opengis.net/ows/1.1">
						<ows:Value>point</ows:Value>
						<ows:Value>kernel</ows:Value>
						<ows:Value>centroid</ows:Value>
						<ows:Value>line</ows:Value>
						<ows:Value>boundary</ows:Value>
						<ows:Value>area</ows:Value>
						<ows:Value>face</ows:Value>
					</ows:AllowedValues>
				</LiteralData>
			</Input>
		</DataInputs>
		<ProcessOutputs>
			<Output>
				<ows:Identifier xmlns:ows="http://www.opengis.net/ows/1.1">OutputVector</ows:Identifier>
				<ows:Title xmlns:ows="http://www.opengis.net/ows/1.1">Output vector file</ows:Title>
				<ows:Abstract xmlns:ows="http://www.opengis.net/ows/1.1">A ZIP file will be returned, containing the vector file in the requested file format</ows:Abstract>
				<ComplexOutput>
					<Default>
						<Format>
							<MimeType>application/x-esri-shapefile</MimeType>
						</Format>
					</Default>
					<Supported>
						<Format>
							<MimeType>application/x-esri-shapefile</MimeType>
						</Format>
						<Format>
							<MimeType>application/x-mapinfo-mif-mid</MimeType>
						</Format>
						<Format>
							<MimeType>text/csv</MimeType>
						</Format>
						<Format>
							<MimeType>application/xml</MimeType>
						</Format>
						<Format>
							<MimeType>application/gpx+xml</MimeType>
						</Format>
						<Format>
							<MimeType>application/vnd.google-earth.kml+xml</MimeType>
						</Format>
					</Supported>
				</ComplexOutput>
			</Output>
		</ProcessOutputs>
	</ProcessDescription>