<?xml version="1.0" encoding="UTF-8"?><service xmlns="http://pisa.intecs.it/mass/toolbox/serviceDescriptor" queuing="false" serviceName="TS_03_03" serviceSchema="VITO_S10.xsd" sslCertificate="" suspendMode="soft" version="2.1" wsdlTargetNS="http://mass.intecs/S10"><interface name="SSE" version="1.6"><rootSchemaFile>VITO_S10.xsd</rootSchemaFile><schemaSetLocation>Schemas</schemaSetLocation><wsdlFile/><targetNameSpace>http://mass.intecs/S10</targetNameSpace><operations><operation SOAPAction="sendOrder" callbackSOAPAction="returnOrderResult" name="Order" pollingRate="20s" requestTimeout="1m" type="asynchronous"><admittedHosts/><inputType namespace="http://www.esa.int/mass" type="sendOrderInputMsg"/><outputType namespace="http://www.esa.int/mass" type="sendOrderOutputMsg"/><callbackInputType namespace="http://www.esa.int/mass" type="returnOrderResultInputMsg"/><callbackOutputType namespace="http://www.esa.int/mass" type="returnOrderResultOutputMsg"/><scriptFile path="Operations/Order/script_1.tscript" type="FIRST_SCRIPT"/><scriptFile path="Operations/Order/globalError.tscript" type="GLOBAL_ERROR"/><scriptFile path="Operations/Order/response_builder.tscript" type="RESP_BUILDER"/><scriptFile path="Operations/Order/response_builder_error.tscript" type="ERROR_ON_RESP_BUILDER"/><scriptFile path="Operations/Order/script_2.tscript" type="SECOND_SCRIPT"/><scriptFile path="Operations/Order/script_3.tscript" type="THIRD_SCRIPT"/></operation></operations></interface></service>