<?xml version="1.0" encoding="UTF-8"?><service xmlns="http://pisa.intecs.it/mass/toolbox/serviceDescriptor" queuing="false" serviceName="TS_23_08" sslCertificate="" suspendMode="soft" version="2.2" wssecurity="false"><interface mode="" name="" schemaValidation="true" type="Standard" version=""><rootSchemaFile>hma_TestCompany_sugres.XSD</rootSchemaFile><schemaSetLocation>Schemas</schemaSetLocation><wsdlFile/><targetNameSpace>http://www.gim.com/ws/sugres</targetNameSpace><operations/><variables/><admittedHosts/></interface></service>