<?xml version="1.0" encoding="UTF-8"?><ProcessDescription xmlns:wps="http://www.opengis.net/wps/1.0.0" statusSupported="false" storeSupported="true" wps:processVersion="0.1">
		<ows:Identifier xmlns:ows="http://www.opengis.net/ows/1.1">RasterStatisticsOverBands</ows:Identifier>
		<ows:Title xmlns:ows="http://www.opengis.net/ows/1.1">Create a raster where the value of each cell is the minimum, maximum, average, median or standard deviation of several bands of the input raster dataset</ows:Title>
		<ows:Abstract xmlns:ows="http://www.opengis.net/ows/1.1">
			Create a raster where the value of each cell is the minimum, maximum, average, median or standard deviation of several bands of the input raster dataset.
			If multiple methods are selected, the output raster will contain several bands
			where band 1 represents the output raster created with method 1, band 2 represents the output raster created with method 2, etc.
		</ows:Abstract>
		<ows:Metadata xmlns:ows="http://www.opengis.net/ows/1.1" xmlns:xlink="http://www.w3.org/1999/xlink" xlink:title="raster"/>
		<ows:Metadata xmlns:ows="http://www.opengis.net/ows/1.1" xmlns:xlink="http://www.w3.org/1999/xlink" xlink:title="statistics"/>
		<ows:Metadata xmlns:ows="http://www.opengis.net/ows/1.1" xmlns:xlink="http://www.w3.org/1999/xlink" xlink:title="bands"/>
		<ows:Metadata xmlns:ows="http://www.opengis.net/ows/1.1" xmlns:xlink="http://www.w3.org/1999/xlink" xlink:title="timeseries"/>
		<wps:Profile>OGC:WPS:RasterStatisticsOverBands</wps:Profile>
		<DataInputs>
			<Input maxOccurs="100" minOccurs="1">
				<ows:Identifier xmlns:ows="http://www.opengis.net/ows/1.1">InputRaster</ows:Identifier>
				<ows:Title xmlns:ows="http://www.opengis.net/ows/1.1">Input raster file</ows:Title>
				<ows:Abstract xmlns:ows="http://www.opengis.net/ows/1.1">Input raster file</ows:Abstract>
				<ComplexData maximumMegabytes="50">
					<Default>
						<Format>
							<MimeType>image/tiff</MimeType>
						</Format>
					</Default>
					<Supported>
						<Format>
							<MimeType>image/tiff</MimeType>
						</Format>
						<Format>
							<MimeType>application/x-netcdf3</MimeType>
						</Format>
						<Format>
							<MimeType>application/x-netcdf4</MimeType>
						</Format>
						<Format>
							<MimeType>application/x-hdf</MimeType>
						</Format>
					</Supported>
				</ComplexData>
			</Input>
			<Input maxOccurs="100" minOccurs="1">
				<ows:Identifier xmlns:ows="http://www.opengis.net/ows/1.1">Band</ows:Identifier>
				<ows:Title xmlns:ows="http://www.opengis.net/ows/1.1">The number of the band to be selected in the input raster files</ows:Title>
				<ows:Abstract xmlns:ows="http://www.opengis.net/ows/1.1">
					The number of the band to be selected in the input raster files.
					This band will be used to calculate the minimum, maximum, average, median or standard deviation (depending on the selected method(s)).
				</ows:Abstract>
				<LiteralData>
					<ows:DataType xmlns:ows="http://www.opengis.net/ows/1.1" ows:reference="http://www.w3.org/TR/xmlschema-2/#positiveInteger">positiveInteger</ows:DataType>
					<ows:AnyValue xmlns:ows="http://www.opengis.net/ows/1.1"/>
				</LiteralData>
			</Input>
			<Input maxOccurs="5" minOccurs="1">
				<ows:Identifier xmlns:ows="http://www.opengis.net/ows/1.1">Method</ows:Identifier>
				<ows:Title xmlns:ows="http://www.opengis.net/ows/1.1">The statistical method to perform</ows:Title>
				<ows:Abstract xmlns:ows="http://www.opengis.net/ows/1.1">
					The operation to perform on the selected bands of the input raster(s).
				</ows:Abstract>
				<LiteralData>
					<ows:AllowedValues xmlns:ows="http://www.opengis.net/ows/1.1">
						<ows:Value>minimum</ows:Value>
						<ows:Value>maximum</ows:Value>
						<ows:Value>average</ows:Value>
						<ows:Value>median</ows:Value>
						<ows:Value>stddev</ows:Value>
					</ows:AllowedValues>
				</LiteralData>
			</Input>
			<Input maxOccurs="1" minOccurs="0">
				<ows:Identifier xmlns:ows="http://www.opengis.net/ows/1.1">OutputDataType</ows:Identifier>
				<ows:Title xmlns:ows="http://www.opengis.net/ows/1.1">The output data type</ows:Title>
				<ows:Abstract xmlns:ows="http://www.opengis.net/ows/1.1">The data type of the raster output file</ows:Abstract>
				<LiteralData>
					<ows:AllowedValues xmlns:ows="http://www.opengis.net/ows/1.1">
						<ows:Value>Byte</ows:Value>
						<ows:Value>Int16</ows:Value>
						<ows:Value>UInt16</ows:Value>
						<ows:Value>UInt32</ows:Value>
						<ows:Value>Int32</ows:Value>
						<ows:Value>Float32</ows:Value>
						<ows:Value>Float64</ows:Value>
						<ows:Value>CInt16</ows:Value>
						<ows:Value>CInt32</ows:Value>
						<ows:Value>CFloat32</ows:Value>
						<ows:Value>CFloat64</ows:Value>
					</ows:AllowedValues>
				</LiteralData>
			</Input>
		</DataInputs>
		<ProcessOutputs>
			<Output>
				<ows:Identifier xmlns:ows="http://www.opengis.net/ows/1.1">OutputRaster</ows:Identifier>
				<ows:Title xmlns:ows="http://www.opengis.net/ows/1.1">Output raster file</ows:Title>
				<ows:Abstract xmlns:ows="http://www.opengis.net/ows/1.1">Output raster file</ows:Abstract>
				<ComplexOutput>
					<Default>
						<Format>
							<MimeType>image/tiff</MimeType>
						</Format>
					</Default>
					<Supported>
						<Format>
							<MimeType>image/tiff</MimeType>
						</Format>
						<Format>
							<MimeType>application/x-netcdf</MimeType>
						</Format>
						<Format>
							<MimeType>application/x-hdf</MimeType>
						</Format>
						<Format>
							<MimeType>image/png</MimeType>
						</Format>
						<Format>
							<MimeType>image/jpeg</MimeType>
						</Format>
						<Format>
							<MimeType>image/gif</MimeType>
						</Format>
					</Supported>
				</ComplexOutput>
			</Output>
		</ProcessOutputs>
	</ProcessDescription>