<?xml version="1.0" encoding="UTF-8"?><service xmlns="http://pisa.intecs.it/mass/toolbox/serviceDescriptor" queuing="false" serviceName="S10" serviceSchema="" sslCertificate="" suspendMode="soft" version="2.1" wsdlTargetNS=""><interface name="" version=""><rootSchemaFile/><schemaSetLocation>Schemas</schemaSetLocation><wsdlFile/><targetNameSpace/><operations><operation SOAPAction="test" name="TestOperation" requestTimeout="1h" type="synchronous"><admittedHosts/><inputType namespace="" type=""/><outputType namespace="" type=""/><scriptFile path="Operations/TestOperation/script_1.tscript" type="FIRST_SCRIPT"/><scriptFile path="Operations/TestOperation/globalError.tscript" type="GLOBAL_ERROR"/></operation></operations></interface></service>