<?xml version="1.0" encoding="UTF-8"?><ProcessDescription xmlns:wps="http://www.opengis.net/wps/1.0.0" statusSupported="false" storeSupported="true" wps:processVersion="0.1">
		<ows:Identifier xmlns:ows="http://www.opengis.net/ows/1.1">Raster2VectorPolygonIntersection</ows:Identifier>
		<ows:Title xmlns:ows="http://www.opengis.net/ows/1.1">Converts a raster file to a vector representation</ows:Title>
		<ows:Abstract xmlns:ows="http://www.opengis.net/ows/1.1">Performs a spatial overlay of a raster file with a vector polygon file, calculates the min,max, avg, median or stdev of the pixel values within the polygons and assign the calculated values to the polygons.</ows:Abstract>
		<ows:Metadata xmlns:ows="http://www.opengis.net/ows/1.1" xmlns:xlink="http://www.w3.org/1999/xlink" xlink:title="raster"/>
		<ows:Metadata xmlns:ows="http://www.opengis.net/ows/1.1" xmlns:xlink="http://www.w3.org/1999/xlink" xlink:title="vector"/>
		<ows:Metadata xmlns:ows="http://www.opengis.net/ows/1.1" xmlns:xlink="http://www.w3.org/1999/xlink" xlink:title="overlay"/>
		<wps:Profile>OGC:WPS:Raster2VectorPolygonIntersection</wps:Profile>
		<DataInputs>
			<Input maxOccurs="1" minOccurs="1">
				<ows:Identifier xmlns:ows="http://www.opengis.net/ows/1.1">InputRaster</ows:Identifier>
				<ows:Title xmlns:ows="http://www.opengis.net/ows/1.1">Input raster file</ows:Title>
				<ows:Abstract xmlns:ows="http://www.opengis.net/ows/1.1">The input raster file</ows:Abstract>
				<ComplexData maximumMegabytes="50">
					<Default>
						<Format>
							<MimeType>image/tiff</MimeType>
						</Format>
					</Default>
					<Supported>
						<Format>
							<MimeType>image/tiff</MimeType>
						</Format>
						<Format>
							<MimeType>application/x-netcdf3</MimeType>
						</Format>
						<Format>
							<MimeType>application/x-netcdf4</MimeType>
						</Format>
						<Format>
							<MimeType>application/x-hdf</MimeType>
						</Format>
					</Supported>
				</ComplexData>
			</Input>
			<Input maxOccurs="1" minOccurs="1">
				<ows:Identifier xmlns:ows="http://www.opengis.net/ows/1.1">VectorOverlay</ows:Identifier>
				<ows:Title xmlns:ows="http://www.opengis.net/ows/1.1">Zipped input shapefile</ows:Title>
				<ows:Abstract xmlns:ows="http://www.opengis.net/ows/1.1">
					The input vector file used as an overlay for the raster.
					This should be a zip file containing the shapefiles.
				</ows:Abstract>
				<ComplexData maximumMegabytes="50">
					<Default>
						<Format>
							<MimeType>application/x-esri-shape</MimeType>
						</Format>
					</Default>
					<Supported>
						<Format>
							<MimeType>application/x-esri-shape</MimeType>
						</Format>
					</Supported>
				</ComplexData>
			</Input>
			<Input maxOccurs="3" minOccurs="1">
				<ows:Identifier xmlns:ows="http://www.opengis.net/ows/1.1">Output</ows:Identifier>
				<ows:Title xmlns:ows="http://www.opengis.net/ows/1.1">The output of the process</ows:Title>
				<ows:Abstract xmlns:ows="http://www.opengis.net/ows/1.1">The output of the process</ows:Abstract>
				<LiteralData>
					<ows:DataType xmlns:ows="http://www.opengis.net/ows/1.1" ows:reference="http://www.w3.org/TR/xmlschema-2/#string">string</ows:DataType>
					<ows:AllowedValues xmlns:ows="http://www.opengis.net/ows/1.1">
						<ows:Value>CSV</ows:Value>
						<ows:Value>shape</ows:Value>
						<ows:Value>WMC</ows:Value>
					</ows:AllowedValues>
				</LiteralData>
			</Input>
			<Input maxOccurs="1" minOccurs="0">
				<ows:Identifier xmlns:ows="http://www.opengis.net/ows/1.1">PolygonIDProperty</ows:Identifier>
				<ows:Title xmlns:ows="http://www.opengis.net/ows/1.1">The property containing the ID of the polygon</ows:Title>
				<ows:Abstract xmlns:ows="http://www.opengis.net/ows/1.1">
					The property containing the ID of the polygon in the shapefile
					This parameter is required if output=WMC and is ignored if output is any other value.
				</ows:Abstract>
				<LiteralData>
					<ows:DataType xmlns:ows="http://www.opengis.net/ows/1.1" ows:reference="http://www.w3.org/TR/xmlschema-2/#string">string</ows:DataType>
					<ows:AnyValue xmlns:ows="http://www.opengis.net/ows/1.1"/>
				</LiteralData>
			</Input>
			<Input maxOccurs="1" minOccurs="0">
				<ows:Identifier xmlns:ows="http://www.opengis.net/ows/1.1">Elevation</ows:Identifier>
				<ows:Title xmlns:ows="http://www.opengis.net/ows/1.1">The elevation</ows:Title>
				<ows:Abstract xmlns:ows="http://www.opengis.net/ows/1.1">
					The elevation of the measurements (in meters) in the input raster.
					This parameter is required if output=WMC and is ignored if output is any other value.
				</ows:Abstract>
				<LiteralData>
					<ows:DataType xmlns:ows="http://www.opengis.net/ows/1.1" ows:reference="http://www.w3.org/TR/xmlschema-2/#integer">integer</ows:DataType>
					<UOMs>
						<Default>
							<ows:UOM xmlns:ows="http://www.opengis.net/ows/1.1">meters</ows:UOM>
						</Default>
						<Supported>
							<ows:UOM xmlns:ows="http://www.opengis.net/ows/1.1">meters</ows:UOM>
						</Supported>
					</UOMs>
					<ows:AnyValue xmlns:ows="http://www.opengis.net/ows/1.1"/>
				</LiteralData>
			</Input>
			<Input maxOccurs="1" minOccurs="0">
				<ows:Identifier xmlns:ows="http://www.opengis.net/ows/1.1">Parameter</ows:Identifier>
				<ows:Title xmlns:ows="http://www.opengis.net/ows/1.1">The measured property</ows:Title>
				<ows:Abstract xmlns:ows="http://www.opengis.net/ows/1.1">
					The measured property in the input raster.
					This parameter is required if output=WMC and is ignored if output is any other value.
				</ows:Abstract>
				<LiteralData>
					<ows:DataType xmlns:ows="http://www.opengis.net/ows/1.1" ows:reference="http://www.w3.org/TR/xmlschema-2/#string">string</ows:DataType>
					<ows:AllowedValues xmlns:ows="http://www.opengis.net/ows/1.1">
						<ows:Value>no2</ows:Value>
					</ows:AllowedValues>
				</LiteralData>
			</Input>
			<Input maxOccurs="1" minOccurs="0">
				<ows:Identifier xmlns:ows="http://www.opengis.net/ows/1.1">Timestamps</ows:Identifier>
				<ows:Title xmlns:ows="http://www.opengis.net/ows/1.1">The timestamps</ows:Title>
				<ows:Abstract xmlns:ows="http://www.opengis.net/ows/1.1">
					The times when the measurements in the bands of the input raster were performed.
					The timestamps should be seperated by a comma .
					The first timestamp represents the time of measurement of the first band in the input raster,
					the second timestamp  represents the time of measurement of the second band, and so on.
					This parameter is required if output=WMC and is ignored if output is any other value.
				</ows:Abstract>
				<LiteralData>
					<ows:DataType xmlns:ows="http://www.opengis.net/ows/1.1" ows:reference="http://www.w3.org/TR/xmlschema-2/#dateTime">dateTime</ows:DataType>
					<ows:AnyValue xmlns:ows="http://www.opengis.net/ows/1.1"/>
				</LiteralData>
			</Input>
		</DataInputs>
		<ProcessOutputs>
			<Output>
				<ows:Identifier xmlns:ows="http://www.opengis.net/ows/1.1">OutputVectorShape</ows:Identifier>
				<ows:Title xmlns:ows="http://www.opengis.net/ows/1.1">Zipped output shapefile</ows:Title>
				<ows:Abstract xmlns:ows="http://www.opengis.net/ows/1.1">The zipped output vector shapefile</ows:Abstract>
				<ComplexOutput>
					<Default>
						<Format>
							<MimeType>application/x-esri-shape</MimeType>
						</Format>
					</Default>
					<Supported>
						<Format>
							<MimeType>application/x-esri-shape</MimeType>
						</Format>
					</Supported>
				</ComplexOutput>
			</Output>
			<Output>
				<ows:Identifier xmlns:ows="http://www.opengis.net/ows/1.1">OutputVectorCSV</ows:Identifier>
				<ows:Title xmlns:ows="http://www.opengis.net/ows/1.1">The output vector file in CSV format</ows:Title>
				<ows:Abstract xmlns:ows="http://www.opengis.net/ows/1.1">The output vector file in CSV format</ows:Abstract>
				<ComplexOutput>
					<Default>
						<Format>
							<MimeType>text/csv</MimeType>
						</Format>
					</Default>
					<Supported>
						<Format>
							<MimeType>text/csv</MimeType>
						</Format>
					</Supported>
				</ComplexOutput>
			</Output>
			<Output>
				<ows:Identifier xmlns:ows="http://www.opengis.net/ows/1.1">OutputWMC</ows:Identifier>
				<ows:Title xmlns:ows="http://www.opengis.net/ows/1.1">WebMapContext file containing WMS and SOS</ows:Title>
				<ows:Abstract xmlns:ows="http://www.opengis.net/ows/1.1">WebMapContext file containing WMS and SOS</ows:Abstract>
				<ComplexOutput>
					<Default>
						<Format>
							<MimeType>text/xml</MimeType>
						</Format>
					</Default>
					<Supported>
						<Format>
							<MimeType>text/xml</MimeType>
						</Format>
					</Supported>
				</ComplexOutput>
			</Output>
		</ProcessOutputs>
	</ProcessDescription>