<?xml version="1.0" encoding="UTF-8"?><service xmlns="http://pisa.intecs.it/mass/toolbox/serviceDescriptor" queuing="false" serviceName="TS_03_04" sslCertificate="" suspendMode="soft" version="2.2" wssecurity="false"><interface mode="" name="SSE" schemaValidation="true" type="Standard" version="1.6"><rootSchemaFile>VITO_S10.xsd</rootSchemaFile><schemaSetLocation>Schemas</schemaSetLocation><wsdlFile/><targetNameSpace>http://www.esa.int/mass</targetNameSpace><operations><operation SOAPAction="sendOrder" callbackSOAPAction="returnOrderResult" name="Order" pollingRate="20s" requestTimeout="1m" type="asynchronous"><admittedHosts/><inputType namespace="http://www.esa.int/mass" type="sendOrderInputMsg"/><outputType namespace="http://www.esa.int/mass" type="sendOrderOutputMsg"/><callbackInputType namespace="http://www.esa.int/mass" type="returnOrderResultInputMsg"/><callbackOutputType namespace="http://www.esa.int/mass" type="returnOrderResultOutputMsg"/><scriptFile overrideByUser="false" path="Operations/Order/script_1.tscript" type="FIRST_SCRIPT"/><scriptFile overrideByUser="false" path="Operations/Order/globalError.tscript" type="GLOBAL_ERROR"/><scriptFile overrideByUser="false" path="Operations/Order/response_builder.tscript" type="RESP_BUILDER"/><scriptFile overrideByUser="false" path="Operations/Order/response_builder_error.tscript" type="ERROR_ON_RESP_BUILDER"/><scriptFile overrideByUser="false" path="Operations/Order/script_2.tscript" type="SECOND_SCRIPT"/><scriptFile overrideByUser="false" path="Operations/Order/script_3.tscript" type="THIRD_SCRIPT"/></operation></operations><variables/><admittedHosts/></interface></service>
