<?xml version="1.0" encoding="UTF-8"?>
<service xmlns="http://pisa.intecs.it/mass/toolbox/serviceDescriptor"
	queuing="false" serviceName="TS_19_01" sslCertificate=""
	suspendMode="soft" version="2.2" wssecurity="false">
	<interface mode="" name="" schemaValidation="true" type="Standard"
		version="">
		<rootSchemaFile />
		<schemaSetLocation>Schemas</schemaSetLocation>
		<wsdlFile />
		<targetNameSpace />
		<operations>
			<operation SOAPAction="jelly" name="JellyOperation"
				requestTimeout="1h" type="synchronous">
				<admittedHosts />
				<inputType namespace="" type="" />
				<outputType namespace="" type="" />
				<scriptFile overrideByUser="false"
					path="Operations/JellyOperation/script_1.tscript"
					type="FIRST_SCRIPT" />
				<scriptFile overrideByUser="false"
					path="Operations/JellyOperation/globalError.tscript"
					type="GLOBAL_ERROR" />
			</operation>
		</operations>
		<variables />
		<admittedHosts />
	</interface>
</service>