<?xml version="1.0" encoding="UTF-8"?><service xmlns="http://pisa.intecs.it/mass/toolbox/serviceDescriptor" queuing="false" serviceName="JavaService" serviceSchema="" sslCertificate="" suspendMode="soft" version="2.0" wsdlTargetNS="">
	<interface name="" version="">
		<rootSchemaFile/>
		<schemaSetLocation>Schemas</schemaSetLocation>
		<wsdlFile/>
		<targetNameSpace/>
		<operations>
			<operation SOAPAction="run" name="run" type="synchronous">
				<admittedHosts/>
				<inputType namespace="inputTypeNameSpace" type="inputType"/>
				<outputType namespace="outputTypeNameSpace" type="outputType"/>
				<scriptFile path="Operations/run/script.tscript" type="FIRST_SCRIPT"/>
				<scriptFile path="Operations/run/globalError.tscript" type="GLOBAL_ERROR"/>
			</operation>
		</operations>
	</interface>
</service>