<?xml version="1.0" encoding="UTF-8"?><service xmlns="http://pisa.intecs.it/mass/toolbox/serviceDescriptor" queuing="false" serviceName="HMA_service" sslCertificate="" suspendMode="soft" version="2.2" wssecurity="false"><interface mode="Standard" name="OGC-06-141" schemaValidation="true" type="Ordering" version="0.9.4"><rootSchemaFile>Order.xsd</rootSchemaFile><schemaSetLocation>Schemas</schemaSetLocation><wsdlFile>wsdl/OGC-06-141_094.wsdl</wsdlFile><targetNameSpace>http://earth.esa.int/hma/ordering</targetNameSpace><operations><operation SOAPAction="GetQuotation" name="GetQuotation" requestTimeout="1h" type="synchronous"><admittedHosts/><inputType namespace="http://earth.esa.int/hma/ordering" type="GetQuotation"/><outputType namespace="http://earth.esa.int/hma/ordering" type="GetQuotationAck"/><scriptFile overrideByUser="true" path="templates/OGC-06-141_094/GetQuotation/first_script.tscript" type="FIRST_SCRIPT"/><scriptFile overrideByUser="false" path="templates/OGC-06-141_094/GetQuotation/globalError.tscript" type="GLOBAL_ERROR"/></operation><operation SOAPAction="Submit" callbackSOAPAction="SubmitResponse" name="Submit" pollingRate="1m" requestTimeout="1d" type="asynchronous"><admittedHosts/><inputType namespace="http://earth.esa.int/hma/ordering" type="Submit"/><outputType namespace="http://earth.esa.int/hma/ordering" type="SubmitAck"/><callbackInputType namespace="http://earth.esa.int/hma/ordering" type="SubmitResponse"/><callbackOutputType namespace="http://earth.esa.int/hma/ordering" type="SubmitResponseAck"/><scriptFile overrideByUser="true" path="Operations/Submit/first_script.tscript" type="FIRST_SCRIPT"/><scriptFile overrideByUser="false" path="Operations/Submit/globalError.tscript" type="GLOBAL_ERROR"/><scriptFile overrideByUser="false" path="Operations/Submit/responseBuilder.tscript" type="RESP_BUILDER"/><scriptFile overrideByUser="false" path="Operations/Submit/responseBuilder_Error.tscript" type="ERROR_ON_RESP_BUILDER"/><scriptFile overrideByUser="true" path="Operations/Submit/second_script.tscript" type="SECOND_SCRIPT"/><scriptFile overrideByUser="true" path="Operations/Submit/third_script.tscript" type="THIRD_SCRIPT"/></operation><operation SOAPAction="GetOptions" name="GetOptions" requestTimeout="1h" type="synchronous"><admittedHosts/><inputType namespace="http://earth.esa.int/hma/ordering" type="GetOptions"/><outputType namespace="http://earth.esa.int/hma/ordering" type="GetOptionsResponse"/><scriptFile overrideByUser="true" path="Operations/GetOptions/script.tscript" type="FIRST_SCRIPT"/><scriptFile overrideByUser="false" path="Operations/GetOptions/globalError.tscript" type="GLOBAL_ERROR"/></operation></operations><variables/><admittedHosts/></interface></service>