<?xml version="1.0" encoding="UTF-8"?>
<OrdineCliente xmlns="http://www.eurimage.com/order" xmlns:xsi="http://www.w3.org/2001/XMLSchema-instance">
	<IdClientePortal>eurimage</IdClientePortal>
	<OrderingCustomerz>
		<emailContOrd>nsiservices@gmail.com</emailContOrd>
		<TipoClienteOrd>Societa</TipoClienteOrd>
		<DescrCliOrd>EURIMAGE S.P.A.</DescrCliOrd>
		<CompanyOrd>EURIMAGE S.P.A.</CompanyOrd>
		<ContattoCliOrd>Catia De Andelis</ContattoCliOrd>
		<CodiceFiscaleOrd/>
		<PIVACliOrd/>
		<IndirizzoCliOrd>V.le E. D Onofrio, 212</IndirizzoCliOrd>
		<CittaCliOrd>Rome</CittaCliOrd>
		<ZipCodeCliOrd>00100</ZipCodeCliOrd>
		<StatoProvCliOrd/>
		<NazioneCliOrd>Italy</NazioneCliOrd>
		<TelefonoContOrd>0039/06/406941</TelefonoContOrd>
		<FaxContOrd/>
	</OrderingCustomerz>
	<DeliveryClient>
		<emailContDel>tamacoldi@eurimage.com</emailContDel>
		<ContattoCliDel>Giulia Tamacoldi</ContattoCliDel>
		<IndirizzoCliDel>V.le E. D Onofrio, 212</IndirizzoCliDel>
		<CittaCliDel>Rome</CittaCliDel>
		<ZipCodeCliDel>00100</ZipCodeCliDel>
		<StatoProvCliDel/>
		<NazioneCliDel>Italy</NazioneCliDel>
		<TelefonoContDel>0039/06/406941</TelefonoContDel>
		<FaxContDel/>
	</DeliveryClient>
</OrdineCliente>
