<?xml version="1.0" encoding="UTF-8"?>
<service xmlns="http://pisa.intecs.it/mass/toolbox/serviceDescriptor"
	queuing="false" serviceName="TS_13_01" sslCertificate=""
	suspendMode="soft" version="2.2" wssecurity="false">
	<interface mode="" name="" schemaValidation="true" type="Standard"
		version="">
		<rootSchemaFile>mass.xsd</rootSchemaFile>
		<schemaSetLocation>Schemas</schemaSetLocation>
		<wsdlFile />
		<targetNameSpace>http://www.esa.int/mass</targetNameSpace>
		<operations>
			<operation SOAPAction="processSearch" name="Search"
				requestTimeout="1h" type="synchronous">
				<admittedHosts />
				<inputType namespace="http://www.esa.int/mass"
					type="processSearchInputMsg" />
				<outputType namespace="http://www.esa.int/mass"
					type="processSearchOutputMsg" />
				<scriptFile overrideByUser="false"
					path="Operations/Search/script_1.tscript" type="FIRST_SCRIPT" />
				<scriptFile overrideByUser="false"
					path="Operations/Search/globalError.tscript" type="GLOBAL_ERROR" />
			</operation>
		</operations>
		<variables />
		<admittedHosts />
	</interface>
</service>