<?xml version="1.0" encoding="UTF-8"?>
<n1:returnOrderResultInputMsg
	xmlns:aoi="http://www.esa.int/xml/schemas/mass/aoifeatures"
	xmlns:eoli="http://earth.esa.int/XML/eoli"
	xmlns:gml="http://www.opengis.net/gml"
	xmlns:mass="http://www.esa.int/mass"
	xmlns:n1="http://www.gim.com/ws/sugres"
	xmlns:oi="http://www.esa.int/oi"
	xmlns:xlink="http://www.w3.org/1999/xlink"
	xmlns:xsi="http://www.w3.org/2001/XMLSchema-instance">
	<mass:commonInput xmlns:mass="http://www.esa.int/mass">
		<mass:orderId>TRAINING_OID</mass:orderId>
	</mass:commonInput>
	<n1:getOrderOutput>
		<mass:statusInfo>
			<mass:statusId>0</mass:statusId>
		</mass:statusInfo>
		<n1:UserName>dvd</n1:UserName>
		<n1:PassWord>intecs</n1:PassWord>
		<n1:orderResultURL>ftp://myServer.example.com</n1:orderResultURL>
	</n1:getOrderOutput>
</n1:returnOrderResultInputMsg>
