<?xml version="1.0" encoding="UTF-8"?>
<service xmlns="http://pisa.intecs.it/mass/toolbox/serviceDescriptor"
	queuing="false" serviceName="TS_27_01" sslCertificate=""
	suspendMode="soft" version="2.2" wssecurity="false">
	<interface mode="" name="SSE" schemaValidation="true"
		type="Standard" version="1.4">
		<rootSchemaFile>SSE_main_template.xsd</rootSchemaFile>
		<schemaSetLocation>Schemas</schemaSetLocation>
		<wsdlFile>wsdl/SSE_14.wsdl</wsdlFile>
		<targetNameSpace>http://www.mycompanyname.com/ws/mynamespace</targetNameSpace>
		<operations>
			<operation SOAPAction="processRFQ" name="processRFQ"
				requestTimeout="1h" type="synchronous">
				<admittedHosts />
				<inputType
					namespace="http://www.mycompanyname.com/ws/mynamespace"
					type="processRFQRequestMsg" />
				<outputType
					namespace="http://www.mycompanyname.com/ws/mynamespace"
					type="processRFQResponseMsg" />
				<scriptFile overrideByUser="false"
					path="Operations/processRFQ/script.tscript" type="FIRST_SCRIPT" />
				<scriptFile overrideByUser="false"
					path="Operations/processRFQ/.globalError.tscript"
					type="GLOBAL_ERROR" />
			</operation>
		</operations>
		<variables />
		<admittedHosts />
	</interface>
</service>