<?xml version="1.0" encoding="UTF-8"?>
<service xmlns="http://pisa.intecs.it/mass/toolbox/serviceDescriptor"
	queuing="false" serviceName="TS_25_07" sslCertificate=""
	suspendMode="soft" version="2.2" wssecurity="false">
	<interface mode="" name="" schemaValidation="true" type="Standard"
		version="">
		<rootSchemaFile>hma_TestCompany_sugres.XSD</rootSchemaFile>
		<schemaSetLocation>Schemas</schemaSetLocation>
		<wsdlFile />
		<targetNameSpace>http://www.gim.com/ws/sugres</targetNameSpace>
		<operations>
			<operation SOAPAction="processRFQ" name="RFQ"
				requestTimeout="1h" type="synchronous">
				<admittedHosts />
				<inputType namespace="http://www.gim.com/ws/sugres"
					type="processRFQInputMsg" />
				<outputType namespace="http://www.gim.com/ws/sugres"
					type="processRFQOutputMsg" />
				<scriptFile overrideByUser="false"
					path="Operations/RFQ/script_1.tscript" type="FIRST_SCRIPT" />
				<scriptFile overrideByUser="false"
					path="Operations/RFQ/globalError.tscript" type="GLOBAL_ERROR" />
			</operation>
			
		</operations>
		<variables />
		<admittedHosts/>
	</interface>
</service>