<?xml version="1.0" encoding="UTF-8"?><ExternalServiceInformation xmlns:ows="http://www.opengis.net/ows/1.1" xmlns:wps="http://www.opengis.net/wps/1.0.0"><Capabilities><wps:Capabilities xmlns:xlink="http://www.w3.org/1999/xlink" xmlns:xsi="http://www.w3.org/2001/XMLSchema-instance" service="WPS" updateSequence="1" version="1.0.0" xml:lang="en"><ows:ServiceIdentification><ows:Title>VectorClipPolygon</ows:Title><ows:Abstract/><ows:Keywords/><ows:ServiceType>WPS</ows:ServiceType><ows:ServiceTypeVersion>1.0.0</ows:ServiceTypeVersion><ows:Fees>NONE</ows:Fees><ows:AccessConstraints>NONE</ows:AccessConstraints></ows:ServiceIdentification><ows:ServiceProvider><ows:ProviderName/><ows:ProviderSite xlink:href="" xlink:type="simple"/><ows:ServiceContact><ows:IndividualName/><ows:PositionName/><ows:ContactInfo><ows:Phone><ows:Voice/><ows:Facsimile/></ows:Phone><ows:Address><ows:DeliveryPoint/><ows:City/><ows:AdministrativeArea/><ows:PostalCode/><ows:Country/><ows:ElectronicMailAddress/></ows:Address></ows:ContactInfo></ows:ServiceContact></ows:ServiceProvider><ows:OperationsMetadata><ows:Operation name="GetCapabilities"><ows:DCP><ows:HTTP><ows:Get xlink:href="/services/VectorClipPolygon?" xlink:type="simple"/><ows:Post xlink:href="/services/VectorClipPolygon?" xlink:type="simple"/></ows:HTTP></ows:DCP></ows:Operation><ows:Operation name="DescribeProcess"><ows:DCP><ows:HTTP><ows:Get xlink:href="/services/VectorClipPolygon?" xlink:type="simple"/><ows:Post xlink:href="/services/VectorClipPolygon?" xlink:type="simple"/></ows:HTTP></ows:DCP></ows:Operation><ows:Operation name="Execute"><ows:DCP><ows:HTTP><ows:Post xlink:href="/services/VectorClipPolygon?" xlink:type="simple"/></ows:HTTP></ows:DCP></ows:Operation></ows:OperationsMetadata><wps:Languages><wps:Default><ows:Language>en</ows:Language></wps:Default><wps:Supported><ows:Language>en</ows:Language></wps:Supported></wps:Languages><wps:WSDL xlink:href="/WSDL/VectorClipPolygon/VectorClipPolygon.wsdl"/></wps:Capabilities></Capabilities><EPSGSupported><AllowedValues><Value>4236</Value><Value>4258</Value></AllowedValues></EPSGSupported></ExternalServiceInformation>