<?xml version="1.0" encoding="UTF-8"?><service xmlns="http://pisa.intecs.it/mass/toolbox/serviceDescriptor" queuing="false" serviceName="TS_04_01" serviceSchema="VITO_S10.xsd" sslCertificate="" suspendMode="soft" version="2.1" wsdlTargetNS="http://mass.pisa/S10"><interface name="SSE" version="1.6"><rootSchemaFile>VITO_S10.xsd</rootSchemaFile><schemaSetLocation>Schemas</schemaSetLocation><wsdlFile/><targetNameSpace>http://mass.pisa/S10</targetNameSpace><operations><operation SOAPAction="processRFQ" name="RFQ" requestTimeout="1h" type="synchronous"><admittedHosts/><inputType namespace="http://www.esa.int/mass" type="processRFQInputMsg"/><outputType namespace="http://www.esa.int/mass" type="processRFQOutputMsg"/><scriptFile path="Operations/RFQ/script_1.tscript" type="FIRST_SCRIPT"/><scriptFile path="Operations/RFQ/globalError.tscript" type="GLOBAL_ERROR"/></operation></operations></interface></service>