<?xml version="1.0" encoding="UTF-8"?><service xmlns="http://pisa.intecs.it/mass/toolbox/serviceDescriptor" queuing="false" serviceName="TS_04_01" sslCertificate="" suspendMode="soft" version="2.2" wssecurity="false">
	<interface mode="" name="" schemaValidation="true" type="Standard" version="">
		<rootSchemaFile/>
		<schemaSetLocation>Schemas</schemaSetLocation>
		<wsdlFile/>
		<targetNameSpace/>
		<operations>
			<operation SOAPAction="download" name="download" requestTimeout="1h" type="synchronous">
				<admittedHosts/>
				<inputType namespace="in" type="it"/>
				<outputType namespace="on" type="ot"/>
				<scriptFile overrideByUser="true" path="Operations/download/script.tscript" type="FIRST_SCRIPT"/>
				<scriptFile overrideByUser="true" path="Operations/download/globalError.tscript" type="GLOBAL_ERROR"/>
			</operation>
		</operations>
		<variables/>
		<admittedHosts/>
	</interface>
</service>