<?xml version="1.0" encoding="UTF-8"?>
<service xmlns="http://pisa.intecs.it/mass/toolbox/serviceDescriptor"
	queuing="false" serviceName="WPSSoap" serviceSchema="WPSSoapAll.xsd"
	sslCertificate="" suspendMode="soft" version="2.1"
	wsdlTargetNS="http://toolbox.pisa.intecs.it/soap/WPS/WPSsoap">
	<interface name="" version="" schemaValidation="true">
		<rootSchemaFile>WPSSoapAll.xsd</rootSchemaFile>
		<schemaSetLocation>Schemas</schemaSetLocation>
		<wsdlFile />
		<targetNameSpace>http://toolbox.pisa.intecs.it/soap/WPS/WPSsoap</targetNameSpace>
		<operations>
			<operation
				SOAPAction="GetCapabilities"
				name="GetCapabilities" requestTimeout="1h" type="synchronous">
				<admittedHosts />
				<inputType namespace="http://www.opengis.net/wps/1.0.0"
					type="GetCapabilities" />
				<outputType namespace="http://www.opengis.net/wps/1.0.0"
					type="Capabilities" />
				<scriptFile
					path="Operations/GetCapabilities/script.tscript"
					type="FIRST_SCRIPT" />
				<scriptFile
					path="Operations/GetCapabilities/globalError.tscript"
					type="GLOBAL_ERROR" />
			</operation>
			<operation
				SOAPAction="DescribeProcess"
				name="DescribeProcess" requestTimeout="1h" type="synchronous">
				<admittedHosts />
				<inputType namespace="http://www.opengis.net/wps/1.0.0"
					type="DescribeProcess" />
				<outputType namespace="http://www.opengis.net/wps/1.0.0"
					type="ProcessDescriptions" />
				<scriptFile
					path="Operations/DescribeProcess/script.tscript"
					type="FIRST_SCRIPT" />
				<scriptFile
					path="Operations/DescribeProcess/globalError.tscript"
					type="GLOBAL_ERROR" />
			</operation>
		</operations>
	</interface>
</service>