<?xml version="1.0" encoding="UTF-8"?>
<service xmlns="http://pisa.intecs.it/mass/toolbox/serviceDescriptor"
	queuing="false" serviceName="TS_30_01" sslCertificate=""
	suspendMode="soft" version="2.2" wssecurity="false">
	<interface mode="" name="SSE" schemaValidation="true"
		type="Standard" version="1.6">
		<rootSchemaFile>SSE_main_template.xsd</rootSchemaFile>
		<schemaSetLocation>Schemas</schemaSetLocation>
		<wsdlFile>wsdl\SSE_16.wsdl</wsdlFile>
		<targetNameSpace>http://www.lammamed.rete.toscana.it/ws/meteoLayer</targetNameSpace>
		<operations>
			<operation SOAPAction="sendRFQ"
				callbackSOAPAction="returnRFQResult" name="RFQ" pollingRate="1m"
				requestTimeout="1h" type="asynchronous">
				<admittedHosts />
				<inputType
					namespace="http://www.lammamed.rete.toscana.it/ws/meteoLayer"
					type="sendRFQRequestMsg" />
				<outputType
					namespace="http://www.lammamed.rete.toscana.it/ws/meteoLayer"
					type="sendRFQResponseMsg" />
				<callbackInputType
					namespace="http://www.lammamed.rete.toscana.it/ws/meteoLayer"
					type="returnRFQResultRequestMsg" />
				<callbackOutputType
					namespace="http://www.lammamed.rete.toscana.it/ws/meteoLayer"
					type="returnRFQResultResponseMsg" />
				<scriptFile overrideByUser="false"
					path="Operations/RFQ/first_script.tscript" type="FIRST_SCRIPT" />
				<scriptFile overrideByUser="false"
					path="Operations/RFQ/globalError.tscript" type="GLOBAL_ERROR" />
				<scriptFile overrideByUser="false"
					path="Operations/RFQ/.response_builder.tscript"
					type="RESP_BUILDER" />
				<scriptFile overrideByUser="false"
					path="Operations/RFQ/.response_builder_error.tscript"
					type="ERROR_ON_RESP_BUILDER" />
				<scriptFile overrideByUser="false"
					path="Operations/RFQ/second_script.tscript" type="SECOND_SCRIPT" />
				<scriptFile overrideByUser="false"
					path="Operations/RFQ/third_script.tscript" type="THIRD_SCRIPT" />
			</operation>
		</operations>
		<variables />
		<admittedHosts />
	</interface>
</service>