<?xml version="1.0" encoding="UTF-8"?><service xmlns="http://pisa.intecs.it/mass/toolbox/serviceDescriptor" queuing="false" serviceName="TS_06_01" serviceSchema="VITO_S10.xsd" sslCertificate="" suspendMode="soft" version="2.1" wsdlTargetNS="http://mass.pisa/S10"><interface name="SSE" version="1.6"><rootSchemaFile>VITO_S10.xsd</rootSchemaFile><schemaSetLocation>Schemas</schemaSetLocation><wsdlFile/><targetNameSpace>http://mass.pisa/S10</targetNameSpace><operations><operation SOAPAction="sendRFQ" callbackSOAPAction="returnRFQResult" name="RFQ" pollingRate="5s" requestTimeout="30m" type="asynchronous"><admittedHosts/><inputType namespace="http://www.esa.int/mass" type="sendRFQInputMsg"/><outputType namespace="http://www.esa.int/mass" type="sendRFQOutputMsg"/><callbackInputType namespace="http://www.esa.int/mass" type="returnRFQResultInputMsg"/><callbackOutputType namespace="http://www.esa.int/mass" type="returnRFQResultOutputMsg"/><scriptFile path="Operations/RFQ/script_1.tscript" type="FIRST_SCRIPT"/><scriptFile path="Operations/RFQ/globalError.tscript" type="GLOBAL_ERROR"/><scriptFile path="Operations/RFQ/response_builder.tscript" type="RESP_BUILDER"/><scriptFile path="Operations/RFQ/response_builder_error.tscript" type="ERROR_ON_RESP_BUILDER"/><scriptFile path="Operations/RFQ/script_2.tscript" type="SECOND_SCRIPT"/><scriptFile path="Operations/RFQ/script_3.tscript" type="THIRD_SCRIPT"/></operation></operations></interface></service>