<?xml version="1.0" encoding="UTF-8"?><ProcessDescription xmlns:wps="http://www.opengis.net/wps/1.0.0" statusSupported="false" storeSupported="true" wps:processVersion="0.1">
		<ows:Identifier xmlns:ows="http://www.opengis.net/ows/1.1">Vector2RasterConversion</ows:Identifier>
		<ows:Title xmlns:ows="http://www.opengis.net/ows/1.1">Converts a vector to a raster data set</ows:Title>
		<ows:Abstract xmlns:ows="http://www.opengis.net/ows/1.1">Converts a vector to a raster data set</ows:Abstract>
		<ows:Metadata xmlns:ows="http://www.opengis.net/ows/1.1" xmlns:xlink="http://www.w3.org/1999/xlink" xlink:title="vector"/>
		<ows:Metadata xmlns:ows="http://www.opengis.net/ows/1.1" xmlns:xlink="http://www.w3.org/1999/xlink" xlink:title="raster"/>
		<ows:Metadata xmlns:ows="http://www.opengis.net/ows/1.1" xmlns:xlink="http://www.w3.org/1999/xlink" xlink:title="conversion"/>
		<wps:Profile>OGC:WPS:Vector2RasterConversion</wps:Profile>
		<DataInputs>
			<Input maxOccurs="1" minOccurs="1">
				<ows:Identifier xmlns:ows="http://www.opengis.net/ows/1.1">InputVector</ows:Identifier>
				<ows:Title xmlns:ows="http://www.opengis.net/ows/1.1">Input vector file</ows:Title>
				<ows:Abstract xmlns:ows="http://www.opengis.net/ows/1.1">
					Input vector file.
					The input vector file should be zipped!
				</ows:Abstract>
				<ComplexData maximumMegabytes="50">
					<Default>
						<Format>
							<MimeType>application/x-esri-shapefile</MimeType>
						</Format>
					</Default>
					<Supported>
						<Format>
							<MimeType>application/x-esri-shapefile</MimeType>
						</Format>
						<Format>
							<MimeType>application/x-mapinfo-mif-mid</MimeType>
						</Format>
						<Format>
							<MimeType>image/vdn.dgn</MimeType>
						</Format>
						<Format>
							<MimeType>text/csv</MimeType>
						</Format>
						<Format>
							<MimeType>application/xml</MimeType>
						</Format>
						<Format>
							<MimeType>application/vnd.google-earth.kml+xml</MimeType>
						</Format>
					</Supported>
				</ComplexData>
			</Input>
			<Input maxOccurs="1" minOccurs="1">
				<ows:Identifier xmlns:ows="http://www.opengis.net/ows/1.1">SourceAttribute</ows:Identifier>
				<ows:Title xmlns:ows="http://www.opengis.net/ows/1.1">The attribute to convert</ows:Title>
				<ows:Abstract xmlns:ows="http://www.opengis.net/ows/1.1">
					The attribute (property) in the vector data that shall be converted
					The type of this attribute has to be numeric
				</ows:Abstract>
				<LiteralData>
					<ows:DataType xmlns:ows="http://www.opengis.net/ows/1.1" ows:reference="http://www.w3.org/TR/xmlschema-2/#string">string</ows:DataType>
					<ows:AnyValue xmlns:ows="http://www.opengis.net/ows/1.1"/>
				</LiteralData>
			</Input>
			<Input maxOccurs="1" minOccurs="1">
				<ows:Identifier xmlns:ows="http://www.opengis.net/ows/1.1">Resolution</ows:Identifier>
				<ows:Title xmlns:ows="http://www.opengis.net/ows/1.1">The resolution to resample to</ows:Title>
				<ows:Abstract xmlns:ows="http://www.opengis.net/ows/1.1">The resolution to resample to (in target georeferenced units and in both directions)</ows:Abstract>
				<LiteralData>
					<ows:DataType xmlns:ows="http://www.opengis.net/ows/1.1" ows:reference="http://www.w3.org/TR/xmlschema-2/#float">float</ows:DataType>
					<ows:AnyValue xmlns:ows="http://www.opengis.net/ows/1.1"/>
				</LiteralData>
			</Input>
			<Input maxOccurs="3" minOccurs="0">
				<ows:Identifier xmlns:ows="http://www.opengis.net/ows/1.1">FeatureType</ows:Identifier>
				<ows:Title xmlns:ows="http://www.opengis.net/ows/1.1">Feature types to export</ows:Title>
				<ows:Abstract xmlns:ows="http://www.opengis.net/ows/1.1">
					Feature types to export.
					Default: point, line, area
				</ows:Abstract>
				<LiteralData>
					<ows:AllowedValues xmlns:ows="http://www.opengis.net/ows/1.1">
						<ows:Value>point</ows:Value>
						<ows:Value>line</ows:Value>
						<ows:Value>area</ows:Value>
					</ows:AllowedValues>
				</LiteralData>
			</Input>
			<Input maxOccurs="1" minOccurs="0">
				<ows:Identifier xmlns:ows="http://www.opengis.net/ows/1.1">OutputDataType</ows:Identifier>
				<ows:Title xmlns:ows="http://www.opengis.net/ows/1.1">The output data type</ows:Title>
				<ows:Abstract xmlns:ows="http://www.opengis.net/ows/1.1">The data type of the raster output file</ows:Abstract>
				<LiteralData>
					<ows:AllowedValues xmlns:ows="http://www.opengis.net/ows/1.1">
						<ows:Value>Byte</ows:Value>
						<ows:Value>Int16</ows:Value>
						<ows:Value>UInt16</ows:Value>
						<ows:Value>UInt32</ows:Value>
						<ows:Value>Int32</ows:Value>
						<ows:Value>Float32</ows:Value>
						<ows:Value>Float64</ows:Value>
						<ows:Value>CInt16</ows:Value>
						<ows:Value>CInt32</ows:Value>
						<ows:Value>CFloat32</ows:Value>
						<ows:Value>CFloat64</ows:Value>
					</ows:AllowedValues>
				</LiteralData>
			</Input>
		</DataInputs>
		<ProcessOutputs>
			<Output>
				<ows:Identifier xmlns:ows="http://www.opengis.net/ows/1.1">OutputRaster</ows:Identifier>
				<ows:Title xmlns:ows="http://www.opengis.net/ows/1.1">Output raster file</ows:Title>
				<ows:Abstract xmlns:ows="http://www.opengis.net/ows/1.1">Output raster file</ows:Abstract>
				<ComplexOutput>
					<Default>
						<Format>
							<MimeType>image/tiff</MimeType>
						</Format>
					</Default>
					<Supported>
						<Format>
							<MimeType>image/tiff</MimeType>
						</Format>
						<Format>
							<MimeType>application/x-netcdf</MimeType>
						</Format>
						<Format>
							<MimeType>application/x-hdf</MimeType>
						</Format>
						<Format>
							<MimeType>image/png</MimeType>
						</Format>
						<Format>
							<MimeType>image/jpeg</MimeType>
						</Format>
						<Format>
							<MimeType>image/gif</MimeType>
						</Format>
					</Supported>
				</ComplexOutput>
			</Output>
		</ProcessOutputs>
	</ProcessDescription>