<?xml version="1.0" encoding="UTF-8"?><ProcessDescription xmlns:wps="http://www.opengis.net/wps/1.0.0" statusSupported="false" storeSupported="true" wps:processVersion="0.1">
		<ows:Identifier xmlns:ows="http://www.opengis.net/ows/1.1">RasterTimeAveraging</ows:Identifier>
		<ows:Title xmlns:ows="http://www.opengis.net/ows/1.1">Create a new raster by averaging the pixel values of the input raster over a certain time period</ows:Title>
		<ows:Abstract xmlns:ows="http://www.opengis.net/ows/1.1">A list of input rasters where each band of these rasters represents the values of a parameter at a certain elevation and at a certain time has to be provided.
		A new band is created by averaging the pixel values of the bands at a provided elevation over a certain time period. The starting time and period are provided and the averages are calculated for every (x * [Period]) + [StartTime]) -period until all bands of the input rasters are processed.
		The resulting raster will contain all resulting bands containing the averaged pixel values.
		</ows:Abstract>
		<ows:Metadata xmlns:ows="http://www.opengis.net/ows/1.1" xmlns:xlink="http://www.w3.org/1999/xlink" xlink:title="raster"/>
		<ows:Metadata xmlns:ows="http://www.opengis.net/ows/1.1" xmlns:xlink="http://www.w3.org/1999/xlink" xlink:title="time"/>
		<ows:Metadata xmlns:ows="http://www.opengis.net/ows/1.1" xmlns:xlink="http://www.w3.org/1999/xlink" xlink:title="average"/>
		<ows:Metadata xmlns:ows="http://www.opengis.net/ows/1.1" xmlns:xlink="http://www.w3.org/1999/xlink" xlink:title="averaging"/>
		<ows:Metadata xmlns:ows="http://www.opengis.net/ows/1.1" xmlns:xlink="http://www.w3.org/1999/xlink" xlink:title="statistics"/>
		<wps:Profile>OGC:WPS:RasterTimeAveraging</wps:Profile>
		<DataInputs>
			<Input maxOccurs="100" minOccurs="1">
				<ows:Identifier xmlns:ows="http://www.opengis.net/ows/1.1">InputRaster</ows:Identifier>
				<ows:Title xmlns:ows="http://www.opengis.net/ows/1.1">Input raster file</ows:Title>
				<ows:Abstract xmlns:ows="http://www.opengis.net/ows/1.1">Input raster file</ows:Abstract>
				<ComplexData maximumMegabytes="50">
					<Default>
						<Format>
							<MimeType>application/x-netcdf3</MimeType>
						</Format>
					</Default>
					<Supported>
						<Format>
							<MimeType>application/x-netcdf3</MimeType>
						</Format>
						<Format>
							<MimeType>application/x-netcdf4</MimeType>
						</Format>
					</Supported>
				</ComplexData>
			</Input>
			<Input maxOccurs="100" minOccurs="0">
				<ows:Identifier xmlns:ows="http://www.opengis.net/ows/1.1">InputRasterMetadata</ows:Identifier>
				<ows:Title xmlns:ows="http://www.opengis.net/ows/1.1">Input raster metadata file</ows:Title>
				<ows:Abstract xmlns:ows="http://www.opengis.net/ows/1.1">Input raster metadata file</ows:Abstract>
				<ComplexData maximumMegabytes="50">
					<Default>
						<Format>
							<MimeType>text/xml</MimeType>
						</Format>
					</Default>
					<Supported>
						<Format>
							<MimeType>text/xml</MimeType>
						</Format>
					</Supported>
				</ComplexData>
			</Input>
			<Input maxOccurs="1" minOccurs="1">
				<ows:Identifier xmlns:ows="http://www.opengis.net/ows/1.1">Elevation</ows:Identifier>
				<ows:Title xmlns:ows="http://www.opengis.net/ows/1.1">The elevation</ows:Title>
				<ows:Abstract xmlns:ows="http://www.opengis.net/ows/1.1">The elevation in meters for which the parameters are to be extracted from the netCDF files</ows:Abstract>
				<LiteralData>
					<ows:DataType xmlns:ows="http://www.opengis.net/ows/1.1" ows:reference="http://www.w3.org/TR/xmlschema-2/#integer">integer</ows:DataType>
					<UOMs>
						<Default>
							<ows:UOM xmlns:ows="http://www.opengis.net/ows/1.1">meters</ows:UOM>
						</Default>
						<Supported>
							<ows:UOM xmlns:ows="http://www.opengis.net/ows/1.1">meters</ows:UOM>
						</Supported>
					</UOMs>
					<ows:AnyValue xmlns:ows="http://www.opengis.net/ows/1.1"/>
				</LiteralData>
			</Input>
			<Input maxOccurs="1" minOccurs="1">
				<ows:Identifier xmlns:ows="http://www.opengis.net/ows/1.1">StartPeriod</ows:Identifier>
				<ows:Title xmlns:ows="http://www.opengis.net/ows/1.1">The first date of the period</ows:Title>
				<ows:Abstract xmlns:ows="http://www.opengis.net/ows/1.1">The first date over which the averaging takes place</ows:Abstract>
				<LiteralData>
					<ows:DataType xmlns:ows="http://www.opengis.net/ows/1.1" ows:reference="http://www.w3.org/TR/xmlschema-2/#date">date</ows:DataType>
					<ows:AnyValue xmlns:ows="http://www.opengis.net/ows/1.1"/>
				</LiteralData>
			</Input>
			<Input maxOccurs="1" minOccurs="1">
				<ows:Identifier xmlns:ows="http://www.opengis.net/ows/1.1">EndPeriod</ows:Identifier>
				<ows:Title xmlns:ows="http://www.opengis.net/ows/1.1">The last date of the period</ows:Title>
				<ows:Abstract xmlns:ows="http://www.opengis.net/ows/1.1">The last date over which the averaging takes place</ows:Abstract>
				<LiteralData>
					<ows:DataType xmlns:ows="http://www.opengis.net/ows/1.1" ows:reference="http://www.w3.org/TR/xmlschema-2/#date">date</ows:DataType>
					<ows:AnyValue xmlns:ows="http://www.opengis.net/ows/1.1"/>
				</LiteralData>
			</Input>
			<Input maxOccurs="1" minOccurs="1">
				<ows:Identifier xmlns:ows="http://www.opengis.net/ows/1.1">AveragingWindow</ows:Identifier>
				<ows:Title xmlns:ows="http://www.opengis.net/ows/1.1">The averaging window</ows:Title>
				<ows:Abstract xmlns:ows="http://www.opengis.net/ows/1.1">The window specified in days for which the average has to be calculated</ows:Abstract>
				<LiteralData>
					<ows:DataType xmlns:ows="http://www.opengis.net/ows/1.1" ows:reference="http://www.w3.org/TR/xmlschema-2/#positiveInteger">positiveInteger</ows:DataType>
					<UOMs>
						<Default>
							<ows:UOM xmlns:ows="http://www.opengis.net/ows/1.1">days</ows:UOM>
						</Default>
						<Supported>
							<ows:UOM xmlns:ows="http://www.opengis.net/ows/1.1">days</ows:UOM>
						</Supported>
					</UOMs>
					<ows:AnyValue xmlns:ows="http://www.opengis.net/ows/1.1"/>
				</LiteralData>
			</Input>
			<Input maxOccurs="1" minOccurs="1">
				<ows:Identifier xmlns:ows="http://www.opengis.net/ows/1.1">StartHour</ows:Identifier>
				<ows:Title xmlns:ows="http://www.opengis.net/ows/1.1">The start hour</ows:Title>
				<ows:Abstract xmlns:ows="http://www.opengis.net/ows/1.1">The fist hour of a day to take into account to calculate the average for that day</ows:Abstract>
				<LiteralData>
					<ows:DataType xmlns:ows="http://www.opengis.net/ows/1.1" ows:reference="http://www.w3.org/TR/xmlschema-2/#positiveInteger">positiveInteger</ows:DataType>
					<UOMs>
						<Default>
							<ows:UOM xmlns:ows="http://www.opengis.net/ows/1.1">hours</ows:UOM>
						</Default>
						<Supported>
							<ows:UOM xmlns:ows="http://www.opengis.net/ows/1.1">hours</ows:UOM>
						</Supported>
					</UOMs>
					<ows:AllowedValues xmlns:ows="http://www.opengis.net/ows/1.1">
						<ows:Range>
							<ows:MinimumValue>1</ows:MinimumValue>
							<ows:MaximumValue>23</ows:MaximumValue>
						</ows:Range>
					</ows:AllowedValues>
				</LiteralData>
			</Input>
			<Input maxOccurs="1" minOccurs="1">
				<ows:Identifier xmlns:ows="http://www.opengis.net/ows/1.1">EndHour</ows:Identifier>
				<ows:Title xmlns:ows="http://www.opengis.net/ows/1.1">The end hour</ows:Title>
				<ows:Abstract xmlns:ows="http://www.opengis.net/ows/1.1">The last hour of a day to take into account to calculate the average for that day</ows:Abstract>
				<LiteralData>
					<ows:DataType xmlns:ows="http://www.opengis.net/ows/1.1" ows:reference="http://www.w3.org/TR/xmlschema-2/#positiveInteger">positiveInteger</ows:DataType>
					<UOMs>
						<Default>
							<ows:UOM xmlns:ows="http://www.opengis.net/ows/1.1">hours</ows:UOM>
						</Default>
						<Supported>
							<ows:UOM xmlns:ows="http://www.opengis.net/ows/1.1">hours</ows:UOM>
						</Supported>
					</UOMs>
					<ows:AllowedValues xmlns:ows="http://www.opengis.net/ows/1.1">
						<ows:Range>
							<ows:MinimumValue>1</ows:MinimumValue>
							<ows:MaximumValue>23</ows:MaximumValue>
						</ows:Range>
					</ows:AllowedValues>
				</LiteralData>
			</Input>
			<Input maxOccurs="1" minOccurs="0">
				<ows:Identifier xmlns:ows="http://www.opengis.net/ows/1.1">OutputDataType</ows:Identifier>
				<ows:Title xmlns:ows="http://www.opengis.net/ows/1.1">The output data type</ows:Title>
				<ows:Abstract xmlns:ows="http://www.opengis.net/ows/1.1">The data type of the raster output file</ows:Abstract>
				<LiteralData>
					<ows:AllowedValues xmlns:ows="http://www.opengis.net/ows/1.1">
						<ows:Value>Byte</ows:Value>
						<ows:Value>Int16</ows:Value>
						<ows:Value>UInt16</ows:Value>
						<ows:Value>UInt32</ows:Value>
						<ows:Value>Int32</ows:Value>
						<ows:Value>Float32</ows:Value>
						<ows:Value>Float64</ows:Value>
						<ows:Value>CInt16</ows:Value>
						<ows:Value>CInt32</ows:Value>
						<ows:Value>CFloat32</ows:Value>
						<ows:Value>CFloat64</ows:Value>
					</ows:AllowedValues>
				</LiteralData>
			</Input>
		</DataInputs>
		<ProcessOutputs>
			<Output>
				<ows:Identifier xmlns:ows="http://www.opengis.net/ows/1.1">OutputRaster</ows:Identifier>
				<ows:Title xmlns:ows="http://www.opengis.net/ows/1.1">The output raster file</ows:Title>
				<ows:Abstract xmlns:ows="http://www.opengis.net/ows/1.1">The output raster file</ows:Abstract>
				<ComplexOutput>
					<Default>
						<Format>
							<MimeType>image/tiff</MimeType>
						</Format>
					</Default>
					<Supported>
						<Format>
							<MimeType>image/tiff</MimeType>
						</Format>
						<Format>
							<MimeType>application/x-netcdf</MimeType>
						</Format>
						<Format>
							<MimeType>application/x-hdf</MimeType>
						</Format>
						<Format>
							<MimeType>image/png</MimeType>
						</Format>
						<Format>
							<MimeType>image/jpeg</MimeType>
						</Format>
						<Format>
							<MimeType>image/gif</MimeType>
						</Format>
					</Supported>
				</ComplexOutput>
			</Output>
			<Output>
				<ows:Identifier xmlns:ows="http://www.opengis.net/ows/1.1">OutputTimestampsInBands</ows:Identifier>
				<ows:Title xmlns:ows="http://www.opengis.net/ows/1.1">Output timestamp in bands</ows:Title>
				<ows:Abstract xmlns:ows="http://www.opengis.net/ows/1.1">A comma seperated list of timestamps that correspond to the different bands of the OutputRaster</ows:Abstract>
				<LiteralOutput>
					<ows:DataType xmlns:ows="http://www.opengis.net/ows/1.1" ows:reference="http://www.w3.org/TR/xmlschema-2/#string">string</ows:DataType>
				</LiteralOutput>
			</Output>
		</ProcessOutputs>
	</ProcessDescription>