<?xml version="1.0" encoding="UTF-8"?><service xmlns="http://pisa.intecs.it/mass/toolbox/serviceDescriptor" queuing="false" serviceName="HMA_service" serviceSchema="Order.xsd" sslCertificate="" suspendMode="soft" version="2.1" wsdlTargetNS="http://earth.esa.int/hma/ordering">
	<interface name="HMA_Ordering" version="1.0">
		<rootSchemaFile>Order.xsd</rootSchemaFile>
		<schemaSetLocation>Schemas</schemaSetLocation>
		<wsdlFile>wsdl/HMA_ORDER_10.wsdl</wsdlFile>
		<targetNameSpace>http://earth.esa.int/hma/ordering</targetNameSpace>
		<operations>
			<operation SOAPAction="GetQuotation" name="GetQuotation" requestTimeout="1h" type="synchronous">
				<admittedHosts/>
				<inputType namespace="http://earth.esa.int/hma/ordering" type="GetQuotation"/>
				<outputType namespace="http://earth.esa.int/hma/ordering" type="GetQuotation"/>
				<scriptFile path="Operations/GetQuotation/GetQuotation.tscript" type="FIRST_SCRIPT"/>
				<scriptFile path="Operations/GetQuotation/.globalError.tscript" type="GLOBAL_ERROR"/>
			</operation>
			<operation SOAPAction="Submit" callbackSOAPAction="UpdateStatus" name="Submit" pollingRate="1m" requestTimeout="1d" type="asynchronous">
				<admittedHosts/>
				<inputType namespace="http://earth.esa.int/hma/ordering" type="Submit"/>
				<outputType namespace="http://earth.esa.int/hma/ordering" type="SubmitResponse"/>
				<callbackInputType namespace="http://earth.esa.int/hma/ordering" type="UpdateStatus"/>
				<callbackOutputType namespace="http://earth.esa.int/hma/ordering" type="UpdateStatus"/>
				<scriptFile path="Operations/Submit/first_script.tscript" type="FIRST_SCRIPT"/>
				<scriptFile path="Operations/Submit/.globalError.tscript" type="GLOBAL_ERROR"/>
				<scriptFile path="Operations/Submit/.responseBuilderScript.tscript" type="RESP_BUILDER"/>
				<scriptFile path="Operations/Submit/.responseBuilder_Error.tscript" type="ERROR_ON_RESP_BUILDER"/>
				<scriptFile path="Operations/Submit/second_script.tscript" type="SECOND_SCRIPT"/>
				<scriptFile path="Operations/Submit/third_script.tscript" type="THIRD_SCRIPT"/>
			</operation>
			<operation SOAPAction="GetOptions" name="GetOptions" requestTimeout="1h" type="synchronous">
				<admittedHosts/>
				<inputType namespace="http://earth.esa.int/hma/ordering" type="GetOptions"/>
				<outputType namespace="http://earth.esa.int/hma/ordering" type="GetOptions"/>
				<scriptFile path="Operations/GetOptions/GetOptions.tscript" type="FIRST_SCRIPT"/>
				<scriptFile path="Operations/GetOptions/.globalError.tscript" type="GLOBAL_ERROR"/>
			</operation>
		</operations>
	</interface>
</service>